scenario,path_key,v_target,mass,friction,actuator_delay_s,sensor_noise_m,event,controller,finished,mean_distance_m,mean_kp
0,arc,0.3,40.201,0.737,0.0140,0.00014,force_gust,PPO,1,0.004122,35.421
0,arc,0.3,40.201,0.737,0.0140,0.00014,force_gust,fixed Kp 26 (baseline),1,0.004743,26.000
0,arc,0.3,40.201,0.737,0.0140,0.00014,force_gust,fixed Kp 15,1,0.006588,15.000
0,arc,0.3,40.201,0.737,0.0140,0.00014,force_gust,fixed Kp 20,1,0.005532,20.000
0,arc,0.3,40.201,0.737,0.0140,0.00014,force_gust,fixed Kp 34,1,0.004110,34.000
0,arc,0.3,40.201,0.737,0.0140,0.00014,force_gust,fixed Kp 42,1,0.003739,42.000
0,arc,0.3,40.201,0.737,0.0140,0.00014,force_gust,fixed Kp 50,1,0.003502,50.000
1,square,0.5,29.568,0.825,0.0420,0.00024,force,PPO,1,0.003667,37.950
1,square,0.5,29.568,0.825,0.0420,0.00024,force,fixed Kp 26 (baseline),0,0.004770,26.000
1,square,0.5,29.568,0.825,0.0420,0.00024,force,fixed Kp 15,0,0.006791,15.000
1,square,0.5,29.568,0.825,0.0420,0.00024,force,fixed Kp 20,0,0.005591,20.000
1,square,0.5,29.568,0.825,0.0420,0.00024,force,fixed Kp 34,0,0.004135,34.000
1,square,0.5,29.568,0.825,0.0420,0.00024,force,fixed Kp 42,0,0.003769,42.000
1,square,0.5,29.568,0.825,0.0420,0.00024,force,fixed Kp 50,0,0.003552,50.000
2,zigzag60,0.5,11.067,0.473,0.0380,0.00039,mass,PPO,1,0.013709,35.694
2,zigzag60,0.5,11.067,0.473,0.0380,0.00039,mass,fixed Kp 26 (baseline),1,0.015746,26.000
2,zigzag60,0.5,11.067,0.473,0.0380,0.00039,mass,fixed Kp 15,0,0.023008,15.000
2,zigzag60,0.5,11.067,0.473,0.0380,0.00039,mass,fixed Kp 20,1,0.018899,20.000
2,zigzag60,0.5,11.067,0.473,0.0380,0.00039,mass,fixed Kp 34,0,0.013462,34.000
2,zigzag60,0.5,11.067,0.473,0.0380,0.00039,mass,fixed Kp 42,0,0.011249,42.000
2,zigzag60,0.5,11.067,0.473,0.0380,0.00039,mass,fixed Kp 50,1,0.012053,50.000
3,uturn,0.7,26.040,0.985,0.0180,0.00022,force,PPO,1,0.002948,40.968
3,uturn,0.7,26.040,0.985,0.0180,0.00022,force,fixed Kp 26 (baseline),1,0.003284,26.000
3,uturn,0.7,26.040,0.985,0.0180,0.00022,force,fixed Kp 15,1,0.003980,15.000
3,uturn,0.7,26.040,0.985,0.0180,0.00022,force,fixed Kp 20,1,0.003576,20.000
3,uturn,0.7,26.040,0.985,0.0180,0.00022,force,fixed Kp 34,1,0.003053,34.000
3,uturn,0.7,26.040,0.985,0.0180,0.00022,force,fixed Kp 42,1,0.002915,42.000
3,uturn,0.7,26.040,0.985,0.0180,0.00022,force,fixed Kp 50,1,0.002824,50.000
4,uturn,0.7,8.673,0.906,0.0480,0.00038,mass,PPO,1,0.011621,33.680
4,uturn,0.7,8.673,0.906,0.0480,0.00038,mass,fixed Kp 26 (baseline),1,0.011760,26.000
4,uturn,0.7,8.673,0.906,0.0480,0.00038,mass,fixed Kp 15,1,0.016623,15.000
4,uturn,0.7,8.673,0.906,0.0480,0.00038,mass,fixed Kp 20,1,0.020176,20.000
4,uturn,0.7,8.673,0.906,0.0480,0.00038,mass,fixed Kp 34,1,0.009240,34.000
4,uturn,0.7,8.673,0.906,0.0480,0.00038,mass,fixed Kp 42,1,0.014233,42.000
4,uturn,0.7,8.673,0.906,0.0480,0.00038,mass,fixed Kp 50,1,0.007549,50.000
5,zigzag,0.3,24.895,0.444,0.0160,0.00014,force_gust,PPO,1,0.006450,32.791
5,zigzag,0.3,24.895,0.444,0.0160,0.00014,force_gust,fixed Kp 26 (baseline),1,0.007037,26.000
5,zigzag,0.3,24.895,0.444,0.0160,0.00014,force_gust,fixed Kp 15,1,0.009480,15.000
5,zigzag,0.3,24.895,0.444,0.0160,0.00014,force_gust,fixed Kp 20,1,0.008002,20.000
5,zigzag,0.3,24.895,0.444,0.0160,0.00014,force_gust,fixed Kp 34,1,0.005588,34.000
5,zigzag,0.3,24.895,0.444,0.0160,0.00014,force_gust,fixed Kp 42,1,0.004993,42.000
5,zigzag,0.3,24.895,0.444,0.0160,0.00014,force_gust,fixed Kp 50,1,0.004727,50.000
6,square,0.5,49.780,0.302,0.0740,0.00001,mass,PPO,1,0.028018,35.174
6,square,0.5,49.780,0.302,0.0740,0.00001,mass,fixed Kp 26 (baseline),1,0.016909,26.000
6,square,0.5,49.780,0.302,0.0740,0.00001,mass,fixed Kp 15,1,0.013214,15.000
6,square,0.5,49.780,0.302,0.0740,0.00001,mass,fixed Kp 20,1,0.014040,20.000
6,square,0.5,49.780,0.302,0.0740,0.00001,mass,fixed Kp 34,1,0.015970,34.000
6,square,0.5,49.780,0.302,0.0740,0.00001,mass,fixed Kp 42,1,0.030869,42.000
6,square,0.5,49.780,0.302,0.0740,0.00001,mass,fixed Kp 50,0,0.054308,50.000
7,hairpin,0.3,45.409,0.946,0.0040,0.00010,mass,PPO,1,0.003159,34.459
7,hairpin,0.3,45.409,0.946,0.0040,0.00010,mass,fixed Kp 26 (baseline),1,0.003618,26.000
7,hairpin,0.3,45.409,0.946,0.0040,0.00010,mass,fixed Kp 15,1,0.004743,15.000
7,hairpin,0.3,45.409,0.946,0.0040,0.00010,mass,fixed Kp 20,1,0.004070,20.000
7,hairpin,0.3,45.409,0.946,0.0040,0.00010,mass,fixed Kp 34,1,0.003278,34.000
7,hairpin,0.3,45.409,0.946,0.0040,0.00010,mass,fixed Kp 42,1,0.003079,42.000
7,hairpin,0.3,45.409,0.946,0.0040,0.00010,mass,fixed Kp 50,1,0.002950,50.000
8,zigzag30,0.5,35.858,0.420,0.0060,0.00037,force_gust,PPO,1,0.010521,34.513
8,zigzag30,0.5,35.858,0.420,0.0060,0.00037,force_gust,fixed Kp 26 (baseline),1,0.009707,26.000
8,zigzag30,0.5,35.858,0.420,0.0060,0.00037,force_gust,fixed Kp 15,1,0.014649,15.000
8,zigzag30,0.5,35.858,0.420,0.0060,0.00037,force_gust,fixed Kp 20,1,0.011869,20.000
8,zigzag30,0.5,35.858,0.420,0.0060,0.00037,force_gust,fixed Kp 34,1,0.008042,34.000
8,zigzag30,0.5,35.858,0.420,0.0060,0.00037,force_gust,fixed Kp 42,1,0.007085,42.000
8,zigzag30,0.5,35.858,0.420,0.0060,0.00037,force_gust,fixed Kp 50,1,0.006466,50.000
9,zigzag60,0.3,20.941,0.211,0.0220,0.00036,mass,PPO,1,0.056798,30.633
9,zigzag60,0.3,20.941,0.211,0.0220,0.00036,mass,fixed Kp 26 (baseline),1,0.051883,26.000
9,zigzag60,0.3,20.941,0.211,0.0220,0.00036,mass,fixed Kp 15,1,0.047278,15.000
9,zigzag60,0.3,20.941,0.211,0.0220,0.00036,mass,fixed Kp 20,1,0.048876,20.000
9,zigzag60,0.3,20.941,0.211,0.0220,0.00036,mass,fixed Kp 34,1,0.061460,34.000
9,zigzag60,0.3,20.941,0.211,0.0220,0.00036,mass,fixed Kp 42,0,0.107452,42.000
9,zigzag60,0.3,20.941,0.211,0.0220,0.00036,mass,fixed Kp 50,0,0.118001,50.000
10,figure8,0.7,48.743,0.524,0.0260,0.00033,mass,PPO,1,0.005691,35.178
10,figure8,0.7,48.743,0.524,0.0260,0.00033,mass,fixed Kp 26 (baseline),0,0.006318,26.000
10,figure8,0.7,48.743,0.524,0.0260,0.00033,mass,fixed Kp 15,0,0.009437,15.000
10,figure8,0.7,48.743,0.524,0.0260,0.00033,mass,fixed Kp 20,0,0.008021,20.000
10,figure8,0.7,48.743,0.524,0.0260,0.00033,mass,fixed Kp 34,0,0.005818,34.000
10,figure8,0.7,48.743,0.524,0.0260,0.00033,mass,fixed Kp 42,0,0.005238,42.000
10,figure8,0.7,48.743,0.524,0.0260,0.00033,mass,fixed Kp 50,0,0.004971,50.000
11,figure8,0.7,25.851,0.609,0.0480,0.00027,force,PPO,0,0.003305,36.724
11,figure8,0.7,25.851,0.609,0.0480,0.00027,force,fixed Kp 26 (baseline),0,0.003556,26.000
11,figure8,0.7,25.851,0.609,0.0480,0.00027,force,fixed Kp 15,0,0.004574,15.000
11,figure8,0.7,25.851,0.609,0.0480,0.00027,force,fixed Kp 20,0,0.003980,20.000
11,figure8,0.7,25.851,0.609,0.0480,0.00027,force,fixed Kp 34,0,0.003233,34.000
11,figure8,0.7,25.851,0.609,0.0480,0.00027,force,fixed Kp 42,0,0.003047,42.000
11,figure8,0.7,25.851,0.609,0.0480,0.00027,force,fixed Kp 50,0,0.002934,50.000
12,figure8,0.5,20.792,0.349,0.0780,0.00023,force_gust,PPO,1,0.023161,33.307
12,figure8,0.5,20.792,0.349,0.0780,0.00023,force_gust,fixed Kp 26 (baseline),1,0.012420,26.000
12,figure8,0.5,20.792,0.349,0.0780,0.00023,force_gust,fixed Kp 15,1,0.016173,15.000
12,figure8,0.5,20.792,0.349,0.0780,0.00023,force_gust,fixed Kp 20,1,0.013976,20.000
12,figure8,0.5,20.792,0.349,0.0780,0.00023,force_gust,fixed Kp 34,1,0.014871,34.000
12,figure8,0.5,20.792,0.349,0.0780,0.00023,force_gust,fixed Kp 42,0,0.341391,42.000
12,figure8,0.5,20.792,0.349,0.0780,0.00023,force_gust,fixed Kp 50,0,0.403431,50.000
13,figure8,0.7,13.636,0.496,0.0020,0.00036,mass,PPO,0,0.009925,35.235
13,figure8,0.7,13.636,0.496,0.0020,0.00036,mass,fixed Kp 26 (baseline),0,0.014147,26.000
13,figure8,0.7,13.636,0.496,0.0020,0.00036,mass,fixed Kp 15,0,0.020055,15.000
13,figure8,0.7,13.636,0.496,0.0020,0.00036,mass,fixed Kp 20,0,0.017875,20.000
13,figure8,0.7,13.636,0.496,0.0020,0.00036,mass,fixed Kp 34,0,0.011610,34.000
13,figure8,0.7,13.636,0.496,0.0020,0.00036,mass,fixed Kp 42,0,0.010439,42.000
13,figure8,0.7,13.636,0.496,0.0020,0.00036,mass,fixed Kp 50,0,0.009582,50.000
14,arc,0.7,32.572,0.747,0.0560,0.00025,mass,PPO,1,0.003490,36.970
14,arc,0.7,32.572,0.747,0.0560,0.00025,mass,fixed Kp 26 (baseline),1,0.003189,26.000
14,arc,0.7,32.572,0.747,0.0560,0.00025,mass,fixed Kp 15,1,0.003864,15.000
14,arc,0.7,32.572,0.747,0.0560,0.00025,mass,fixed Kp 20,1,0.003461,20.000
14,arc,0.7,32.572,0.747,0.0560,0.00025,mass,fixed Kp 34,1,0.002986,34.000
14,arc,0.7,32.572,0.747,0.0560,0.00025,mass,fixed Kp 42,1,0.002875,42.000
14,arc,0.7,32.572,0.747,0.0560,0.00025,mass,fixed Kp 50,1,0.002847,50.000
15,zigzag60,0.7,14.139,0.369,0.0180,0.00022,mass,PPO,1,0.009462,36.708
15,zigzag60,0.7,14.139,0.369,0.0180,0.00022,mass,fixed Kp 26 (baseline),1,0.010460,26.000
15,zigzag60,0.7,14.139,0.369,0.0180,0.00022,mass,fixed Kp 15,1,0.015319,15.000
15,zigzag60,0.7,14.139,0.369,0.0180,0.00022,mass,fixed Kp 20,0,0.012185,20.000
15,zigzag60,0.7,14.139,0.369,0.0180,0.00022,mass,fixed Kp 34,1,0.009056,34.000
15,zigzag60,0.7,14.139,0.369,0.0180,0.00022,mass,fixed Kp 42,1,0.007880,42.000
15,zigzag60,0.7,14.139,0.369,0.0180,0.00022,mass,fixed Kp 50,1,0.006807,50.000
16,slalom,0.5,8.427,0.712,0.0560,0.00014,mass,PPO,1,0.004341,32.799
16,slalom,0.5,8.427,0.712,0.0560,0.00014,mass,fixed Kp 26 (baseline),1,0.005383,26.000
16,slalom,0.5,8.427,0.712,0.0560,0.00014,mass,fixed Kp 15,1,0.005578,15.000
16,slalom,0.5,8.427,0.712,0.0560,0.00014,mass,fixed Kp 20,1,0.005261,20.000
16,slalom,0.5,8.427,0.712,0.0560,0.00014,mass,fixed Kp 34,1,0.005033,34.000
16,slalom,0.5,8.427,0.712,0.0560,0.00014,mass,fixed Kp 42,1,0.004894,42.000
16,slalom,0.5,8.427,0.712,0.0560,0.00014,mass,fixed Kp 50,1,0.005318,50.000
17,spiral,0.5,23.279,0.256,0.0200,0.00008,force,PPO,1,0.003649,35.216
17,spiral,0.5,23.279,0.256,0.0200,0.00008,force,fixed Kp 26 (baseline),1,0.004265,26.000
17,spiral,0.5,23.279,0.256,0.0200,0.00008,force,fixed Kp 15,1,0.005279,15.000
17,spiral,0.5,23.279,0.256,0.0200,0.00008,force,fixed Kp 20,1,0.004852,20.000
17,spiral,0.5,23.279,0.256,0.0200,0.00008,force,fixed Kp 34,1,0.003743,34.000
17,spiral,0.5,23.279,0.256,0.0200,0.00008,force,fixed Kp 42,1,0.003729,42.000
17,spiral,0.5,23.279,0.256,0.0200,0.00008,force,fixed Kp 50,1,0.003479,50.000
18,hairpin,0.3,34.958,0.390,0.0220,0.00032,mass,PPO,1,0.003961,37.238
18,hairpin,0.3,34.958,0.390,0.0220,0.00032,mass,fixed Kp 26 (baseline),1,0.005982,26.000
18,hairpin,0.3,34.958,0.390,0.0220,0.00032,mass,fixed Kp 15,1,0.007367,15.000
18,hairpin,0.3,34.958,0.390,0.0220,0.00032,mass,fixed Kp 20,1,0.005838,20.000
18,hairpin,0.3,34.958,0.390,0.0220,0.00032,mass,fixed Kp 34,1,0.004798,34.000
18,hairpin,0.3,34.958,0.390,0.0220,0.00032,mass,fixed Kp 42,1,0.003938,42.000
18,hairpin,0.3,34.958,0.390,0.0220,0.00032,mass,fixed Kp 50,1,0.003751,50.000
19,uturn,0.7,12.139,0.956,0.0700,0.00016,force_gust,PPO,1,0.004550,41.869
19,uturn,0.7,12.139,0.956,0.0700,0.00016,force_gust,fixed Kp 26 (baseline),0,0.005865,26.000
19,uturn,0.7,12.139,0.956,0.0700,0.00016,force_gust,fixed Kp 15,0,0.008450,15.000
19,uturn,0.7,12.139,0.956,0.0700,0.00016,force_gust,fixed Kp 20,0,0.006920,20.000
19,uturn,0.7,12.139,0.956,0.0700,0.00016,force_gust,fixed Kp 34,0,0.005037,34.000
19,uturn,0.7,12.139,0.956,0.0700,0.00016,force_gust,fixed Kp 42,0,0.004540,42.000
19,uturn,0.7,12.139,0.956,0.0700,0.00016,force_gust,fixed Kp 50,0,0.004226,50.000
20,zigzag,0.7,46.373,0.975,0.0360,0.00022,mass,PPO,1,0.013511,34.290
20,zigzag,0.7,46.373,0.975,0.0360,0.00022,mass,fixed Kp 26 (baseline),1,0.010159,26.000
20,zigzag,0.7,46.373,0.975,0.0360,0.00022,mass,fixed Kp 15,1,0.012873,15.000
20,zigzag,0.7,46.373,0.975,0.0360,0.00022,mass,fixed Kp 20,1,0.011307,20.000
20,zigzag,0.7,46.373,0.975,0.0360,0.00022,mass,fixed Kp 34,1,0.009315,34.000
20,zigzag,0.7,46.373,0.975,0.0360,0.00022,mass,fixed Kp 42,1,0.008723,42.000
20,zigzag,0.7,46.373,0.975,0.0360,0.00022,mass,fixed Kp 50,1,0.008199,50.000
21,square,0.3,40.824,0.557,0.0000,0.00039,force_gust,PPO,1,0.008239,35.365
21,square,0.3,40.824,0.557,0.0000,0.00039,force_gust,fixed Kp 26 (baseline),0,0.014562,26.000
21,square,0.3,40.824,0.557,0.0000,0.00039,force_gust,fixed Kp 15,0,0.020604,15.000
21,square,0.3,40.824,0.557,0.0000,0.00039,force_gust,fixed Kp 20,0,0.017540,20.000
21,square,0.3,40.824,0.557,0.0000,0.00039,force_gust,fixed Kp 34,0,0.011603,34.000
21,square,0.3,40.824,0.557,0.0000,0.00039,force_gust,fixed Kp 42,0,0.010312,42.000
21,square,0.3,40.824,0.557,0.0000,0.00039,force_gust,fixed Kp 50,0,0.009389,50.000
22,slalom,0.3,10.186,0.865,0.0720,0.00009,force_gust,PPO,1,0.003293,32.036
22,slalom,0.3,10.186,0.865,0.0720,0.00009,force_gust,fixed Kp 26 (baseline),1,0.003596,26.000
22,slalom,0.3,10.186,0.865,0.0720,0.00009,force_gust,fixed Kp 15,1,0.004633,15.000
22,slalom,0.3,10.186,0.865,0.0720,0.00009,force_gust,fixed Kp 20,1,0.004017,20.000
22,slalom,0.3,10.186,0.865,0.0720,0.00009,force_gust,fixed Kp 34,1,0.003290,34.000
22,slalom,0.3,10.186,0.865,0.0720,0.00009,force_gust,fixed Kp 42,1,0.003284,42.000
22,slalom,0.3,10.186,0.865,0.0720,0.00009,force_gust,fixed Kp 50,1,0.006117,50.000
23,slalom,0.7,36.899,0.296,0.0640,0.00023,mass,PPO,1,0.015268,35.155
23,slalom,0.7,36.899,0.296,0.0640,0.00023,mass,fixed Kp 26 (baseline),1,0.007867,26.000
23,slalom,0.7,36.899,0.296,0.0640,0.00023,mass,fixed Kp 15,1,0.009909,15.000
23,slalom,0.7,36.899,0.296,0.0640,0.00023,mass,fixed Kp 20,1,0.009234,20.000
23,slalom,0.7,36.899,0.296,0.0640,0.00023,mass,fixed Kp 34,1,0.007812,34.000
23,slalom,0.7,36.899,0.296,0.0640,0.00023,mass,fixed Kp 42,0,0.059904,42.000
23,slalom,0.7,36.899,0.296,0.0640,0.00023,mass,fixed Kp 50,0,0.212743,50.000
24,scurve,0.5,17.683,0.613,0.0380,0.00040,force_gust,PPO,1,0.011609,32.496
24,scurve,0.5,17.683,0.613,0.0380,0.00040,force_gust,fixed Kp 26 (baseline),1,0.016669,26.000
24,scurve,0.5,17.683,0.613,0.0380,0.00040,force_gust,fixed Kp 15,1,0.075707,15.000
24,scurve,0.5,17.683,0.613,0.0380,0.00040,force_gust,fixed Kp 20,1,0.018345,20.000
24,scurve,0.5,17.683,0.613,0.0380,0.00040,force_gust,fixed Kp 34,1,0.029485,34.000
24,scurve,0.5,17.683,0.613,0.0380,0.00040,force_gust,fixed Kp 42,1,0.020585,42.000
24,scurve,0.5,17.683,0.613,0.0380,0.00040,force_gust,fixed Kp 50,1,0.014657,50.000
25,zigzag30,0.7,36.106,0.588,0.0380,0.00000,force,PPO,1,0.017895,34.412
25,zigzag30,0.7,36.106,0.588,0.0380,0.00000,force,fixed Kp 26 (baseline),1,0.015433,26.000
25,zigzag30,0.7,36.106,0.588,0.0380,0.00000,force,fixed Kp 15,1,0.018291,15.000
25,zigzag30,0.7,36.106,0.588,0.0380,0.00000,force,fixed Kp 20,1,0.016545,20.000
25,zigzag30,0.7,36.106,0.588,0.0380,0.00000,force,fixed Kp 34,1,0.014357,34.000
25,zigzag30,0.7,36.106,0.588,0.0380,0.00000,force,fixed Kp 42,1,0.014640,42.000
25,zigzag30,0.7,36.106,0.588,0.0380,0.00000,force,fixed Kp 50,1,0.014511,50.000
26,spiral,0.3,31.611,0.567,0.0520,0.00020,force_gust,PPO,1,0.003954,35.741
26,spiral,0.3,31.611,0.567,0.0520,0.00020,force_gust,fixed Kp 26 (baseline),1,0.004668,26.000
26,spiral,0.3,31.611,0.567,0.0520,0.00020,force_gust,fixed Kp 15,1,0.006386,15.000
26,spiral,0.3,31.611,0.567,0.0520,0.00020,force_gust,fixed Kp 20,1,0.005383,20.000
26,spiral,0.3,31.611,0.567,0.0520,0.00020,force_gust,fixed Kp 34,1,0.004098,34.000
26,spiral,0.3,31.611,0.567,0.0520,0.00020,force_gust,fixed Kp 42,1,0.003743,42.000
26,spiral,0.3,31.611,0.567,0.0520,0.00020,force_gust,fixed Kp 50,1,0.003519,50.000
27,square,0.7,31.256,0.393,0.0460,0.00005,mass,PPO,1,0.053373,34.163
27,square,0.7,31.256,0.393,0.0460,0.00005,mass,fixed Kp 26 (baseline),1,0.034830,26.000
27,square,0.7,31.256,0.393,0.0460,0.00005,mass,fixed Kp 15,1,0.025076,15.000
27,square,0.7,31.256,0.393,0.0460,0.00005,mass,fixed Kp 20,1,0.027051,20.000
27,square,0.7,31.256,0.393,0.0460,0.00005,mass,fixed Kp 34,1,0.045541,34.000
27,square,0.7,31.256,0.393,0.0460,0.00005,mass,fixed Kp 42,1,0.059295,42.000
27,square,0.7,31.256,0.393,0.0460,0.00005,mass,fixed Kp 50,1,0.088347,50.000
28,slalom,0.3,30.790,0.988,0.0120,0.00018,force,PPO,1,0.003141,36.034
28,slalom,0.3,30.790,0.988,0.0120,0.00018,force,fixed Kp 26 (baseline),1,0.003618,26.000
28,slalom,0.3,30.790,0.988,0.0120,0.00018,force,fixed Kp 15,1,0.004887,15.000
28,slalom,0.3,30.790,0.988,0.0120,0.00018,force,fixed Kp 20,1,0.004122,20.000
28,slalom,0.3,30.790,0.988,0.0120,0.00018,force,fixed Kp 34,1,0.003252,34.000
28,slalom,0.3,30.790,0.988,0.0120,0.00018,force,fixed Kp 42,1,0.003044,42.000
28,slalom,0.3,30.790,0.988,0.0120,0.00018,force,fixed Kp 50,1,0.002914,50.000
29,zigzag,0.3,36.900,0.338,0.0500,0.00036,mass,PPO,1,0.038379,30.089
29,zigzag,0.3,36.900,0.338,0.0500,0.00036,mass,fixed Kp 26 (baseline),1,0.084033,26.000
29,zigzag,0.3,36.900,0.338,0.0500,0.00036,mass,fixed Kp 15,1,0.033927,15.000
29,zigzag,0.3,36.900,0.338,0.0500,0.00036,mass,fixed Kp 20,1,0.030013,20.000
29,zigzag,0.3,36.900,0.338,0.0500,0.00036,mass,fixed Kp 34,1,0.037306,34.000
29,zigzag,0.3,36.900,0.338,0.0500,0.00036,mass,fixed Kp 42,1,0.024484,42.000
29,zigzag,0.3,36.900,0.338,0.0500,0.00036,mass,fixed Kp 50,1,0.059490,50.000
30,figure8,0.5,13.318,0.666,0.0220,0.00003,force_gust,PPO,1,0.003776,35.428
30,figure8,0.5,13.318,0.666,0.0220,0.00003,force_gust,fixed Kp 26 (baseline),1,0.004539,26.000
30,figure8,0.5,13.318,0.666,0.0220,0.00003,force_gust,fixed Kp 15,1,0.006443,15.000
30,figure8,0.5,13.318,0.666,0.0220,0.00003,force_gust,fixed Kp 20,1,0.005328,20.000
30,figure8,0.5,13.318,0.666,0.0220,0.00003,force_gust,fixed Kp 34,1,0.003929,34.000
30,figure8,0.5,13.318,0.666,0.0220,0.00003,force_gust,fixed Kp 42,1,0.003565,42.000
30,figure8,0.5,13.318,0.666,0.0220,0.00003,force_gust,fixed Kp 50,1,0.003329,50.000
31,hairpin,0.3,39.449,0.315,0.0760,0.00007,force,PPO,1,0.006257,33.615
31,hairpin,0.3,39.449,0.315,0.0760,0.00007,force,fixed Kp 26 (baseline),1,0.003317,26.000
31,hairpin,0.3,39.449,0.315,0.0760,0.00007,force,fixed Kp 15,1,0.004153,15.000
31,hairpin,0.3,39.449,0.315,0.0760,0.00007,force,fixed Kp 20,1,0.003648,20.000
31,hairpin,0.3,39.449,0.315,0.0760,0.00007,force,fixed Kp 34,1,0.003106,34.000
31,hairpin,0.3,39.449,0.315,0.0760,0.00007,force,fixed Kp 42,1,0.010615,42.000
31,hairpin,0.3,39.449,0.315,0.0760,0.00007,force,fixed Kp 50,1,0.034369,50.000
32,slalom,0.7,17.806,0.242,0.0180,0.00006,force_gust,PPO,0,0.148769,26.688
32,slalom,0.7,17.806,0.242,0.0180,0.00006,force_gust,fixed Kp 26 (baseline),0,0.134985,26.000
32,slalom,0.7,17.806,0.242,0.0180,0.00006,force_gust,fixed Kp 15,0,0.155777,15.000
32,slalom,0.7,17.806,0.242,0.0180,0.00006,force_gust,fixed Kp 20,0,0.132772,20.000
32,slalom,0.7,17.806,0.242,0.0180,0.00006,force_gust,fixed Kp 34,0,0.130953,34.000
32,slalom,0.7,17.806,0.242,0.0180,0.00006,force_gust,fixed Kp 42,0,0.126545,42.000
32,slalom,0.7,17.806,0.242,0.0180,0.00006,force_gust,fixed Kp 50,0,0.139317,50.000
33,spiral,0.5,20.533,0.545,0.0580,0.00030,force,PPO,0,0.002831,37.974
33,spiral,0.5,20.533,0.545,0.0580,0.00030,force,fixed Kp 26 (baseline),0,0.002897,26.000
33,spiral,0.5,20.533,0.545,0.0580,0.00030,force,fixed Kp 15,0,0.003213,15.000
33,spiral,0.5,20.533,0.545,0.0580,0.00030,force,fixed Kp 20,0,0.003027,20.000
33,spiral,0.5,20.533,0.545,0.0580,0.00030,force,fixed Kp 34,0,0.002797,34.000
33,spiral,0.5,20.533,0.545,0.0580,0.00030,force,fixed Kp 42,0,0.002739,42.000
33,spiral,0.5,20.533,0.545,0.0580,0.00030,force,fixed Kp 50,0,0.002705,50.000
34,hairpin,0.5,48.095,0.930,0.0120,0.00018,force,PPO,1,0.004191,37.147
34,hairpin,0.5,48.095,0.930,0.0120,0.00018,force,fixed Kp 26 (baseline),1,0.005283,26.000
34,hairpin,0.5,48.095,0.930,0.0120,0.00018,force,fixed Kp 15,1,0.007626,15.000
34,hairpin,0.5,48.095,0.930,0.0120,0.00018,force,fixed Kp 20,1,0.006252,20.000
34,hairpin,0.5,48.095,0.930,0.0120,0.00018,force,fixed Kp 34,1,0.004528,34.000
34,hairpin,0.5,48.095,0.930,0.0120,0.00018,force,fixed Kp 42,1,0.004066,42.000
34,hairpin,0.5,48.095,0.930,0.0120,0.00018,force,fixed Kp 50,1,0.003756,50.000
35,zigzag,0.3,39.775,0.983,0.0520,0.00019,force_gust,PPO,1,0.009759,33.663
35,zigzag,0.3,39.775,0.983,0.0520,0.00019,force_gust,fixed Kp 26 (baseline),1,0.008740,26.000
35,zigzag,0.3,39.775,0.983,0.0520,0.00019,force_gust,fixed Kp 15,1,0.013042,15.000
35,zigzag,0.3,39.775,0.983,0.0520,0.00019,force_gust,fixed Kp 20,1,0.010617,20.000
35,zigzag,0.3,39.775,0.983,0.0520,0.00019,force_gust,fixed Kp 34,1,0.007179,34.000
35,zigzag,0.3,39.775,0.983,0.0520,0.00019,force_gust,fixed Kp 42,1,0.006359,42.000
35,zigzag,0.3,39.775,0.983,0.0520,0.00019,force_gust,fixed Kp 50,1,0.006085,50.000
36,uturn,0.3,44.941,0.330,0.0700,0.00037,force,PPO,1,0.004109,36.906
36,uturn,0.3,44.941,0.330,0.0700,0.00037,force,fixed Kp 26 (baseline),1,0.003753,26.000
36,uturn,0.3,44.941,0.330,0.0700,0.00037,force,fixed Kp 15,1,0.004704,15.000
36,uturn,0.3,44.941,0.330,0.0700,0.00037,force,fixed Kp 20,1,0.004142,20.000
36,uturn,0.3,44.941,0.330,0.0700,0.00037,force,fixed Kp 34,1,0.003507,34.000
36,uturn,0.3,44.941,0.330,0.0700,0.00037,force,fixed Kp 42,1,0.003479,42.000
36,uturn,0.3,44.941,0.330,0.0700,0.00037,force,fixed Kp 50,1,0.003914,50.000
37,square,0.3,6.298,0.812,0.0140,0.00023,force,PPO,1,0.005725,33.263
37,square,0.3,6.298,0.812,0.0140,0.00023,force,fixed Kp 26 (baseline),1,0.008145,26.000
37,square,0.3,6.298,0.812,0.0140,0.00023,force,fixed Kp 15,1,0.011312,15.000
37,square,0.3,6.298,0.812,0.0140,0.00023,force,fixed Kp 20,1,0.009104,20.000
37,square,0.3,6.298,0.812,0.0140,0.00023,force,fixed Kp 34,1,0.006910,34.000
37,square,0.3,6.298,0.812,0.0140,0.00023,force,fixed Kp 42,1,0.007502,42.000
37,square,0.3,6.298,0.812,0.0140,0.00023,force,fixed Kp 50,1,0.006410,50.000
38,figure8,0.3,6.692,0.237,0.0700,0.00006,force_gust,PPO,0,0.061602,34.394
38,figure8,0.3,6.692,0.237,0.0700,0.00006,force_gust,fixed Kp 26 (baseline),0,0.061714,26.000
38,figure8,0.3,6.692,0.237,0.0700,0.00006,force_gust,fixed Kp 15,0,0.060293,15.000
38,figure8,0.3,6.692,0.237,0.0700,0.00006,force_gust,fixed Kp 20,0,0.061364,20.000
38,figure8,0.3,6.692,0.237,0.0700,0.00006,force_gust,fixed Kp 34,0,0.059431,34.000
38,figure8,0.3,6.692,0.237,0.0700,0.00006,force_gust,fixed Kp 42,0,0.145553,42.000
38,figure8,0.3,6.692,0.237,0.0700,0.00006,force_gust,fixed Kp 50,0,0.124811,50.000
39,zigzag,0.3,12.246,0.924,0.0180,0.00015,force_gust,PPO,1,0.004592,35.134
39,zigzag,0.3,12.246,0.924,0.0180,0.00015,force_gust,fixed Kp 26 (baseline),1,0.005099,26.000
39,zigzag,0.3,12.246,0.924,0.0180,0.00015,force_gust,fixed Kp 15,1,0.007388,15.000
39,zigzag,0.3,12.246,0.924,0.0180,0.00015,force_gust,fixed Kp 20,1,0.006040,20.000
39,zigzag,0.3,12.246,0.924,0.0180,0.00015,force_gust,fixed Kp 34,1,0.004367,34.000
39,zigzag,0.3,12.246,0.924,0.0180,0.00015,force_gust,fixed Kp 42,1,0.003924,42.000
39,zigzag,0.3,12.246,0.924,0.0180,0.00015,force_gust,fixed Kp 50,1,0.003633,50.000
40,zigzag30,0.3,8.272,0.473,0.0580,0.00036,mass,PPO,1,0.023268,32.283
40,zigzag30,0.3,8.272,0.473,0.0580,0.00036,mass,fixed Kp 26 (baseline),1,0.032864,26.000
40,zigzag30,0.3,8.272,0.473,0.0580,0.00036,mass,fixed Kp 15,1,0.036689,15.000
40,zigzag30,0.3,8.272,0.473,0.0580,0.00036,mass,fixed Kp 20,1,0.026035,20.000
40,zigzag30,0.3,8.272,0.473,0.0580,0.00036,mass,fixed Kp 34,1,0.019327,34.000
40,zigzag30,0.3,8.272,0.473,0.0580,0.00036,mass,fixed Kp 42,1,0.028147,42.000
40,zigzag30,0.3,8.272,0.473,0.0580,0.00036,mass,fixed Kp 50,1,0.033337,50.000
41,figure8,0.5,10.446,0.213,0.0160,0.00024,mass,PPO,0,0.103962,31.864
41,figure8,0.5,10.446,0.213,0.0160,0.00024,mass,fixed Kp 26 (baseline),1,0.037459,26.000
41,figure8,0.5,10.446,0.213,0.0160,0.00024,mass,fixed Kp 15,1,0.026946,15.000
41,figure8,0.5,10.446,0.213,0.0160,0.00024,mass,fixed Kp 20,1,0.029933,20.000
41,figure8,0.5,10.446,0.213,0.0160,0.00024,mass,fixed Kp 34,0,0.059171,34.000
41,figure8,0.5,10.446,0.213,0.0160,0.00024,mass,fixed Kp 42,0,0.212986,42.000
41,figure8,0.5,10.446,0.213,0.0160,0.00024,mass,fixed Kp 50,0,0.201491,50.000
42,square,0.5,39.225,0.328,0.0260,0.00000,force_gust,PPO,1,0.008943,39.533
42,square,0.5,39.225,0.328,0.0260,0.00000,force_gust,fixed Kp 26 (baseline),1,0.009804,26.000
42,square,0.5,39.225,0.328,0.0260,0.00000,force_gust,fixed Kp 15,1,0.012888,15.000
42,square,0.5,39.225,0.328,0.0260,0.00000,force_gust,fixed Kp 20,1,0.011056,20.000
42,square,0.5,39.225,0.328,0.0260,0.00000,force_gust,fixed Kp 34,1,0.008727,34.000
42,square,0.5,39.225,0.328,0.0260,0.00000,force_gust,fixed Kp 42,1,0.007777,42.000
42,square,0.5,39.225,0.328,0.0260,0.00000,force_gust,fixed Kp 50,1,0.007558,50.000
43,uturn,0.7,31.731,0.439,0.0260,0.00014,mass,PPO,1,0.003559,40.697
43,uturn,0.7,31.731,0.439,0.0260,0.00014,mass,fixed Kp 26 (baseline),1,0.004397,26.000
43,uturn,0.7,31.731,0.439,0.0260,0.00014,mass,fixed Kp 15,1,0.006158,15.000
43,uturn,0.7,31.731,0.439,0.0260,0.00014,mass,fixed Kp 20,1,0.005129,20.000
43,uturn,0.7,31.731,0.439,0.0260,0.00014,mass,fixed Kp 34,1,0.003828,34.000
43,uturn,0.7,31.731,0.439,0.0260,0.00014,mass,fixed Kp 42,1,0.003488,42.000
43,uturn,0.7,31.731,0.439,0.0260,0.00014,mass,fixed Kp 50,1,0.003267,50.000
44,scurve,0.5,29.627,0.951,0.0340,0.00008,force,PPO,1,0.002710,32.263
44,scurve,0.5,29.627,0.951,0.0340,0.00008,force,fixed Kp 26 (baseline),1,0.002841,26.000
44,scurve,0.5,29.627,0.951,0.0340,0.00008,force,fixed Kp 15,1,0.003299,15.000
44,scurve,0.5,29.627,0.951,0.0340,0.00008,force,fixed Kp 20,1,0.003017,20.000
44,scurve,0.5,29.627,0.951,0.0340,0.00008,force,fixed Kp 34,1,0.002720,34.000
44,scurve,0.5,29.627,0.951,0.0340,0.00008,force,fixed Kp 42,1,0.002653,42.000
44,scurve,0.5,29.627,0.951,0.0340,0.00008,force,fixed Kp 50,1,0.002613,50.000
45,arc,0.5,49.454,0.970,0.0480,0.00003,force_gust,PPO,1,0.003251,37.629
45,arc,0.5,49.454,0.970,0.0480,0.00003,force_gust,fixed Kp 26 (baseline),1,0.003741,26.000
45,arc,0.5,49.454,0.970,0.0480,0.00003,force_gust,fixed Kp 15,1,0.004973,15.000
45,arc,0.5,49.454,0.970,0.0480,0.00003,force_gust,fixed Kp 20,1,0.004242,20.000
45,arc,0.5,49.454,0.970,0.0480,0.00003,force_gust,fixed Kp 34,1,0.003365,34.000
45,arc,0.5,49.454,0.970,0.0480,0.00003,force_gust,fixed Kp 42,1,0.003167,42.000
45,arc,0.5,49.454,0.970,0.0480,0.00003,force_gust,fixed Kp 50,1,0.003091,50.000
46,figure8,0.7,19.735,0.306,0.0220,0.00013,mass,PPO,1,0.005966,35.918
46,figure8,0.7,19.735,0.306,0.0220,0.00013,mass,fixed Kp 26 (baseline),1,0.008279,26.000
46,figure8,0.7,19.735,0.306,0.0220,0.00013,mass,fixed Kp 15,1,0.013131,15.000
46,figure8,0.7,19.735,0.306,0.0220,0.00013,mass,fixed Kp 20,1,0.010447,20.000
46,figure8,0.7,19.735,0.306,0.0220,0.00013,mass,fixed Kp 34,1,0.007017,34.000
46,figure8,0.7,19.735,0.306,0.0220,0.00013,mass,fixed Kp 42,1,0.006232,42.000
46,figure8,0.7,19.735,0.306,0.0220,0.00013,mass,fixed Kp 50,1,0.005367,50.000
47,scurve,0.3,33.570,0.990,0.0100,0.00029,force_gust,PPO,1,0.003095,36.362
47,scurve,0.3,33.570,0.990,0.0100,0.00029,force_gust,fixed Kp 26 (baseline),1,0.003795,26.000
47,scurve,0.3,33.570,0.990,0.0100,0.00029,force_gust,fixed Kp 15,1,0.005066,15.000
47,scurve,0.3,33.570,0.990,0.0100,0.00029,force_gust,fixed Kp 20,1,0.004310,20.000
47,scurve,0.3,33.570,0.990,0.0100,0.00029,force_gust,fixed Kp 34,1,0.003412,34.000
47,scurve,0.3,33.570,0.990,0.0100,0.00029,force_gust,fixed Kp 42,1,0.003189,42.000
47,scurve,0.3,33.570,0.990,0.0100,0.00029,force_gust,fixed Kp 50,1,0.003044,50.000
48,zigzag,0.5,17.466,0.674,0.0260,0.00038,force_gust,PPO,1,0.026958,34.683
48,zigzag,0.5,17.466,0.674,0.0260,0.00038,force_gust,fixed Kp 26 (baseline),0,0.157814,26.000
48,zigzag,0.5,17.466,0.674,0.0260,0.00038,force_gust,fixed Kp 15,1,0.201039,15.000
48,zigzag,0.5,17.466,0.674,0.0260,0.00038,force_gust,fixed Kp 20,1,0.085747,20.000
48,zigzag,0.5,17.466,0.674,0.0260,0.00038,force_gust,fixed Kp 34,0,0.182794,34.000
48,zigzag,0.5,17.466,0.674,0.0260,0.00038,force_gust,fixed Kp 42,0,0.186708,42.000
48,zigzag,0.5,17.466,0.674,0.0260,0.00038,force_gust,fixed Kp 50,0,0.155335,50.000
49,spiral,0.5,37.297,0.975,0.0420,0.00035,force,PPO,1,0.003856,36.127
49,spiral,0.5,37.297,0.975,0.0420,0.00035,force,fixed Kp 26 (baseline),1,0.004593,26.000
49,spiral,0.5,37.297,0.975,0.0420,0.00035,force,fixed Kp 15,1,0.006042,15.000
49,spiral,0.5,37.297,0.975,0.0420,0.00035,force,fixed Kp 20,1,0.005200,20.000
49,spiral,0.5,37.297,0.975,0.0420,0.00035,force,fixed Kp 34,1,0.004120,34.000
49,spiral,0.5,37.297,0.975,0.0420,0.00035,force,fixed Kp 42,1,0.003828,42.000
49,spiral,0.5,37.297,0.975,0.0420,0.00035,force,fixed Kp 50,1,0.003678,50.000
50,square,0.7,49.955,0.280,0.0580,0.00021,force,PPO,0,0.053817,34.854
50,square,0.7,49.955,0.280,0.0580,0.00021,force,fixed Kp 26 (baseline),1,0.031377,26.000
50,square,0.7,49.955,0.280,0.0580,0.00021,force,fixed Kp 15,1,0.021043,15.000
50,square,0.7,49.955,0.280,0.0580,0.00021,force,fixed Kp 20,1,0.024163,20.000
50,square,0.7,49.955,0.280,0.0580,0.00021,force,fixed Kp 34,0,0.046916,34.000
50,square,0.7,49.955,0.280,0.0580,0.00021,force,fixed Kp 42,0,0.061897,42.000
50,square,0.7,49.955,0.280,0.0580,0.00021,force,fixed Kp 50,0,0.196691,50.000
51,zigzag,0.3,15.793,0.769,0.0220,0.00039,mass,PPO,1,0.004429,33.960
51,zigzag,0.3,15.793,0.769,0.0220,0.00039,mass,fixed Kp 26 (baseline),1,0.004844,26.000
51,zigzag,0.3,15.793,0.769,0.0220,0.00039,mass,fixed Kp 15,1,0.006318,15.000
51,zigzag,0.3,15.793,0.769,0.0220,0.00039,mass,fixed Kp 20,1,0.005328,20.000
51,zigzag,0.3,15.793,0.769,0.0220,0.00039,mass,fixed Kp 34,1,0.004134,34.000
51,zigzag,0.3,15.793,0.769,0.0220,0.00039,mass,fixed Kp 42,1,0.003950,42.000
51,zigzag,0.3,15.793,0.769,0.0220,0.00039,mass,fixed Kp 50,1,0.003808,50.000
52,square,0.5,26.445,0.724,0.0560,0.00007,force,PPO,1,0.004542,35.873
52,square,0.5,26.445,0.724,0.0560,0.00007,force,fixed Kp 26 (baseline),1,0.005044,26.000
52,square,0.5,26.445,0.724,0.0560,0.00007,force,fixed Kp 15,1,0.006610,15.000
52,square,0.5,26.445,0.724,0.0560,0.00007,force,fixed Kp 20,1,0.005679,20.000
52,square,0.5,26.445,0.724,0.0560,0.00007,force,fixed Kp 34,1,0.004567,34.000
52,square,0.5,26.445,0.724,0.0560,0.00007,force,fixed Kp 42,1,0.004322,42.000
52,square,0.5,26.445,0.724,0.0560,0.00007,force,fixed Kp 50,1,0.004359,50.000
53,scurve,0.7,32.988,0.379,0.0620,0.00013,force,PPO,1,0.003607,39.100
53,scurve,0.7,32.988,0.379,0.0620,0.00013,force,fixed Kp 26 (baseline),1,0.003651,26.000
53,scurve,0.7,32.988,0.379,0.0620,0.00013,force,fixed Kp 15,1,0.004976,15.000
53,scurve,0.7,32.988,0.379,0.0620,0.00013,force,fixed Kp 20,1,0.004174,20.000
53,scurve,0.7,32.988,0.379,0.0620,0.00013,force,fixed Kp 34,1,0.003279,34.000
53,scurve,0.7,32.988,0.379,0.0620,0.00013,force,fixed Kp 42,1,0.003110,42.000
53,scurve,0.7,32.988,0.379,0.0620,0.00013,force,fixed Kp 50,1,0.003247,50.000
54,zigzag,0.3,18.902,0.209,0.0620,0.00036,mass,PPO,1,0.050030,30.426
54,zigzag,0.3,18.902,0.209,0.0620,0.00036,mass,fixed Kp 26 (baseline),1,0.034834,26.000
54,zigzag,0.3,18.902,0.209,0.0620,0.00036,mass,fixed Kp 15,1,0.038442,15.000
54,zigzag,0.3,18.902,0.209,0.0620,0.00036,mass,fixed Kp 20,1,0.047536,20.000
54,zigzag,0.3,18.902,0.209,0.0620,0.00036,mass,fixed Kp 34,1,0.042948,34.000
54,zigzag,0.3,18.902,0.209,0.0620,0.00036,mass,fixed Kp 42,1,0.061944,42.000
54,zigzag,0.3,18.902,0.209,0.0620,0.00036,mass,fixed Kp 50,0,0.279202,50.000
55,uturn,0.7,7.660,0.749,0.0620,0.00037,force_gust,PPO,0,0.137544,39.750
55,uturn,0.7,7.660,0.749,0.0620,0.00037,force_gust,fixed Kp 26 (baseline),0,0.112259,26.000
55,uturn,0.7,7.660,0.749,0.0620,0.00037,force_gust,fixed Kp 15,0,0.155459,15.000
55,uturn,0.7,7.660,0.749,0.0620,0.00037,force_gust,fixed Kp 20,0,0.132044,20.000
55,uturn,0.7,7.660,0.749,0.0620,0.00037,force_gust,fixed Kp 34,0,0.115323,34.000
55,uturn,0.7,7.660,0.749,0.0620,0.00037,force_gust,fixed Kp 42,0,0.138499,42.000
55,uturn,0.7,7.660,0.749,0.0620,0.00037,force_gust,fixed Kp 50,0,0.207499,50.000
56,zigzag60,0.7,49.296,0.464,0.0220,0.00005,force_gust,PPO,1,0.042945,34.394
56,zigzag60,0.7,49.296,0.464,0.0220,0.00005,force_gust,fixed Kp 26 (baseline),1,0.027547,26.000
56,zigzag60,0.7,49.296,0.464,0.0220,0.00005,force_gust,fixed Kp 15,1,0.026104,15.000
56,zigzag60,0.7,49.296,0.464,0.0220,0.00005,force_gust,fixed Kp 20,1,0.024979,20.000
56,zigzag60,0.7,49.296,0.464,0.0220,0.00005,force_gust,fixed Kp 34,1,0.037801,34.000
56,zigzag60,0.7,49.296,0.464,0.0220,0.00005,force_gust,fixed Kp 42,1,0.036971,42.000
56,zigzag60,0.7,49.296,0.464,0.0220,0.00005,force_gust,fixed Kp 50,1,0.038049,50.000
57,uturn,0.5,17.376,0.746,0.0700,0.00027,mass,PPO,1,0.002754,38.278
57,uturn,0.5,17.376,0.746,0.0700,0.00027,mass,fixed Kp 26 (baseline),0,0.002884,26.000
57,uturn,0.5,17.376,0.746,0.0700,0.00027,mass,fixed Kp 15,0,0.003187,15.000
57,uturn,0.5,17.376,0.746,0.0700,0.00027,mass,fixed Kp 20,0,0.003009,20.000
57,uturn,0.5,17.376,0.746,0.0700,0.00027,mass,fixed Kp 34,0,0.002785,34.000
57,uturn,0.5,17.376,0.746,0.0700,0.00027,mass,fixed Kp 42,0,0.002730,42.000
57,uturn,0.5,17.376,0.746,0.0700,0.00027,mass,fixed Kp 50,0,0.002700,50.000
58,arc,0.7,20.998,0.284,0.0720,0.00015,force,PPO,1,0.007744,37.938
58,arc,0.7,20.998,0.284,0.0720,0.00015,force,fixed Kp 26 (baseline),1,0.005519,26.000
58,arc,0.7,20.998,0.284,0.0720,0.00015,force,fixed Kp 15,1,0.004952,15.000
58,arc,0.7,20.998,0.284,0.0720,0.00015,force,fixed Kp 20,1,0.005070,20.000
58,arc,0.7,20.998,0.284,0.0720,0.00015,force,fixed Kp 34,1,0.005584,34.000
58,arc,0.7,20.998,0.284,0.0720,0.00015,force,fixed Kp 42,1,0.009957,42.000
58,arc,0.7,20.998,0.284,0.0720,0.00015,force,fixed Kp 50,0,0.064443,50.000
59,spiral,0.3,47.171,0.908,0.0060,0.00030,force,PPO,1,0.002965,35.830
59,spiral,0.3,47.171,0.908,0.0060,0.00030,force,fixed Kp 26 (baseline),1,0.003396,26.000
59,spiral,0.3,47.171,0.908,0.0060,0.00030,force,fixed Kp 15,1,0.004058,15.000
59,spiral,0.3,47.171,0.908,0.0060,0.00030,force,fixed Kp 20,1,0.003680,20.000
59,spiral,0.3,47.171,0.908,0.0060,0.00030,force,fixed Kp 34,1,0.003165,34.000
59,spiral,0.3,47.171,0.908,0.0060,0.00030,force,fixed Kp 42,1,0.003022,42.000
59,spiral,0.3,47.171,0.908,0.0060,0.00030,force,fixed Kp 50,1,0.002926,50.000
60,zigzag30,0.3,9.871,0.468,0.0260,0.00028,mass,PPO,1,0.009505,34.833
60,zigzag30,0.3,9.871,0.468,0.0260,0.00028,mass,fixed Kp 26 (baseline),1,0.011119,26.000
60,zigzag30,0.3,9.871,0.468,0.0260,0.00028,mass,fixed Kp 15,1,0.016771,15.000
60,zigzag30,0.3,9.871,0.468,0.0260,0.00028,mass,fixed Kp 20,1,0.014302,20.000
60,zigzag30,0.3,9.871,0.468,0.0260,0.00028,mass,fixed Kp 34,1,0.010020,34.000
60,zigzag30,0.3,9.871,0.468,0.0260,0.00028,mass,fixed Kp 42,1,0.008989,42.000
60,zigzag30,0.3,9.871,0.468,0.0260,0.00028,mass,fixed Kp 50,1,0.008366,50.000
61,zigzag60,0.7,13.183,0.261,0.0200,0.00003,force_gust,PPO,0,0.337088,27.147
61,zigzag60,0.7,13.183,0.261,0.0200,0.00003,force_gust,fixed Kp 26 (baseline),0,0.350014,26.000
61,zigzag60,0.7,13.183,0.261,0.0200,0.00003,force_gust,fixed Kp 15,0,0.226940,15.000
61,zigzag60,0.7,13.183,0.261,0.0200,0.00003,force_gust,fixed Kp 20,0,0.294919,20.000
61,zigzag60,0.7,13.183,0.261,0.0200,0.00003,force_gust,fixed Kp 34,0,0.295363,34.000
61,zigzag60,0.7,13.183,0.261,0.0200,0.00003,force_gust,fixed Kp 42,0,0.312404,42.000
61,zigzag60,0.7,13.183,0.261,0.0200,0.00003,force_gust,fixed Kp 50,0,0.324025,50.000
62,arc,0.7,12.567,0.310,0.0380,0.00022,force_gust,PPO,0,0.009353,38.280
62,arc,0.7,12.567,0.310,0.0380,0.00022,force_gust,fixed Kp 26 (baseline),0,0.013632,26.000
62,arc,0.7,12.567,0.310,0.0380,0.00022,force_gust,fixed Kp 15,0,0.021579,15.000
62,arc,0.7,12.567,0.310,0.0380,0.00022,force_gust,fixed Kp 20,0,0.017209,20.000
62,arc,0.7,12.567,0.310,0.0380,0.00022,force_gust,fixed Kp 34,0,0.010174,34.000
62,arc,0.7,12.567,0.310,0.0380,0.00022,force_gust,fixed Kp 42,0,0.009248,42.000
62,arc,0.7,12.567,0.310,0.0380,0.00022,force_gust,fixed Kp 50,0,0.007766,50.000
63,zigzag,0.5,44.982,0.692,0.0720,0.00001,mass,PPO,1,0.020385,33.906
63,zigzag,0.5,44.982,0.692,0.0720,0.00001,mass,fixed Kp 26 (baseline),1,0.015171,26.000
63,zigzag,0.5,44.982,0.692,0.0720,0.00001,mass,fixed Kp 15,1,0.015283,15.000
63,zigzag,0.5,44.982,0.692,0.0720,0.00001,mass,fixed Kp 20,1,0.014752,20.000
63,zigzag,0.5,44.982,0.692,0.0720,0.00001,mass,fixed Kp 34,1,0.013766,34.000
63,zigzag,0.5,44.982,0.692,0.0720,0.00001,mass,fixed Kp 42,1,0.012333,42.000
63,zigzag,0.5,44.982,0.692,0.0720,0.00001,mass,fixed Kp 50,1,0.015234,50.000
64,square,0.3,7.116,0.584,0.0480,0.00002,force_gust,PPO,1,0.081391,32.364
64,square,0.3,7.116,0.584,0.0480,0.00002,force_gust,fixed Kp 26 (baseline),1,0.075498,26.000
64,square,0.3,7.116,0.584,0.0480,0.00002,force_gust,fixed Kp 15,0,0.070756,15.000
64,square,0.3,7.116,0.584,0.0480,0.00002,force_gust,fixed Kp 20,1,0.072977,20.000
64,square,0.3,7.116,0.584,0.0480,0.00002,force_gust,fixed Kp 34,1,0.076808,34.000
64,square,0.3,7.116,0.584,0.0480,0.00002,force_gust,fixed Kp 42,1,0.082667,42.000
64,square,0.3,7.116,0.584,0.0480,0.00002,force_gust,fixed Kp 50,1,0.081593,50.000
65,zigzag60,0.7,11.256,0.477,0.0100,0.00014,mass,PPO,1,0.008835,38.680
65,zigzag60,0.7,11.256,0.477,0.0100,0.00014,mass,fixed Kp 26 (baseline),1,0.008159,26.000
65,zigzag60,0.7,11.256,0.477,0.0100,0.00014,mass,fixed Kp 15,1,0.011580,15.000
65,zigzag60,0.7,11.256,0.477,0.0100,0.00014,mass,fixed Kp 20,1,0.010496,20.000
65,zigzag60,0.7,11.256,0.477,0.0100,0.00014,mass,fixed Kp 34,1,0.006746,34.000
65,zigzag60,0.7,11.256,0.477,0.0100,0.00014,mass,fixed Kp 42,1,0.006457,42.000
65,zigzag60,0.7,11.256,0.477,0.0100,0.00014,mass,fixed Kp 50,1,0.005741,50.000
66,zigzag60,0.5,10.338,0.522,0.0480,0.00037,force,PPO,1,0.029990,31.072
66,zigzag60,0.5,10.338,0.522,0.0480,0.00037,force,fixed Kp 26 (baseline),1,0.026156,26.000
66,zigzag60,0.5,10.338,0.522,0.0480,0.00037,force,fixed Kp 15,0,0.117732,15.000
66,zigzag60,0.5,10.338,0.522,0.0480,0.00037,force,fixed Kp 20,1,0.027886,20.000
66,zigzag60,0.5,10.338,0.522,0.0480,0.00037,force,fixed Kp 34,1,0.027136,34.000
66,zigzag60,0.5,10.338,0.522,0.0480,0.00037,force,fixed Kp 42,1,0.021393,42.000
66,zigzag60,0.5,10.338,0.522,0.0480,0.00037,force,fixed Kp 50,1,0.017819,50.000
67,scurve,0.5,47.810,0.646,0.0040,0.00034,force_gust,PPO,1,0.003793,33.530
67,scurve,0.5,47.810,0.646,0.0040,0.00034,force_gust,fixed Kp 26 (baseline),1,0.004391,26.000
67,scurve,0.5,47.810,0.646,0.0040,0.00034,force_gust,fixed Kp 15,1,0.006058,15.000
67,scurve,0.5,47.810,0.646,0.0040,0.00034,force_gust,fixed Kp 20,1,0.005074,20.000
67,scurve,0.5,47.810,0.646,0.0040,0.00034,force_gust,fixed Kp 34,1,0.003854,34.000
67,scurve,0.5,47.810,0.646,0.0040,0.00034,force_gust,fixed Kp 42,1,0.003528,42.000
67,scurve,0.5,47.810,0.646,0.0040,0.00034,force_gust,fixed Kp 50,1,0.003312,50.000
68,uturn,0.5,19.160,0.898,0.0700,0.00013,force_gust,PPO,1,0.003892,36.471
68,uturn,0.5,19.160,0.898,0.0700,0.00013,force_gust,fixed Kp 26 (baseline),1,0.003486,26.000
68,uturn,0.5,19.160,0.898,0.0700,0.00013,force_gust,fixed Kp 15,1,0.004347,15.000
68,uturn,0.5,19.160,0.898,0.0700,0.00013,force_gust,fixed Kp 20,1,0.003839,20.000
68,uturn,0.5,19.160,0.898,0.0700,0.00013,force_gust,fixed Kp 34,1,0.003251,34.000
68,uturn,0.5,19.160,0.898,0.0700,0.00013,force_gust,fixed Kp 42,1,0.003942,42.000
68,uturn,0.5,19.160,0.898,0.0700,0.00013,force_gust,fixed Kp 50,1,0.012151,50.000
69,arc,0.3,12.326,0.622,0.0080,0.00020,force,PPO,1,0.004119,33.203
69,arc,0.3,12.326,0.622,0.0080,0.00020,force,fixed Kp 26 (baseline),1,0.005812,26.000
69,arc,0.3,12.326,0.622,0.0080,0.00020,force,fixed Kp 15,1,0.008564,15.000
69,arc,0.3,12.326,0.622,0.0080,0.00020,force,fixed Kp 20,1,0.006277,20.000
69,arc,0.3,12.326,0.622,0.0080,0.00020,force,fixed Kp 34,1,0.005494,34.000
69,arc,0.3,12.326,0.622,0.0080,0.00020,force,fixed Kp 42,1,0.005015,42.000
69,arc,0.3,12.326,0.622,0.0080,0.00020,force,fixed Kp 50,1,0.004812,50.000
70,scurve,0.3,21.502,0.577,0.0480,0.00033,force_gust,PPO,1,0.022210,34.620
70,scurve,0.3,21.502,0.577,0.0480,0.00033,force_gust,fixed Kp 26 (baseline),0,0.043317,26.000
70,scurve,0.3,21.502,0.577,0.0480,0.00033,force_gust,fixed Kp 15,1,0.022839,15.000
70,scurve,0.3,21.502,0.577,0.0480,0.00033,force_gust,fixed Kp 20,0,0.025348,20.000
70,scurve,0.3,21.502,0.577,0.0480,0.00033,force_gust,fixed Kp 34,0,0.116166,34.000
70,scurve,0.3,21.502,0.577,0.0480,0.00033,force_gust,fixed Kp 42,0,0.320711,42.000
70,scurve,0.3,21.502,0.577,0.0480,0.00033,force_gust,fixed Kp 50,0,0.317120,50.000
71,zigzag60,0.7,38.550,0.271,0.0240,0.00005,mass,PPO,1,0.029886,36.663
71,zigzag60,0.7,38.550,0.271,0.0240,0.00005,mass,fixed Kp 26 (baseline),1,0.025329,26.000
71,zigzag60,0.7,38.550,0.271,0.0240,0.00005,mass,fixed Kp 15,1,0.027018,15.000
71,zigzag60,0.7,38.550,0.271,0.0240,0.00005,mass,fixed Kp 20,1,0.026397,20.000
71,zigzag60,0.7,38.550,0.271,0.0240,0.00005,mass,fixed Kp 34,1,0.026833,34.000
71,zigzag60,0.7,38.550,0.271,0.0240,0.00005,mass,fixed Kp 42,1,0.028251,42.000
71,zigzag60,0.7,38.550,0.271,0.0240,0.00005,mass,fixed Kp 50,1,0.025702,50.000
72,zigzag60,0.3,32.019,0.794,0.0200,0.00022,force,PPO,1,0.004170,33.681
72,zigzag60,0.3,32.019,0.794,0.0200,0.00022,force,fixed Kp 26 (baseline),1,0.004472,26.000
72,zigzag60,0.3,32.019,0.794,0.0200,0.00022,force,fixed Kp 15,1,0.005838,15.000
72,zigzag60,0.3,32.019,0.794,0.0200,0.00022,force,fixed Kp 20,1,0.005036,20.000
72,zigzag60,0.3,32.019,0.794,0.0200,0.00022,force,fixed Kp 34,1,0.004021,34.000
72,zigzag60,0.3,32.019,0.794,0.0200,0.00022,force,fixed Kp 42,1,0.003727,42.000
72,zigzag60,0.3,32.019,0.794,0.0200,0.00022,force,fixed Kp 50,1,0.003526,50.000
73,square,0.3,27.553,0.583,0.0300,0.00027,force,PPO,1,0.003308,33.334
73,square,0.3,27.553,0.583,0.0300,0.00027,force,fixed Kp 26 (baseline),1,0.003861,26.000
73,square,0.3,27.553,0.583,0.0300,0.00027,force,fixed Kp 15,1,0.004978,15.000
73,square,0.3,27.553,0.583,0.0300,0.00027,force,fixed Kp 20,1,0.004325,20.000
73,square,0.3,27.553,0.583,0.0300,0.00027,force,fixed Kp 34,1,0.003512,34.000
73,square,0.3,27.553,0.583,0.0300,0.00027,force,fixed Kp 42,1,0.003300,42.000
73,square,0.3,27.553,0.583,0.0300,0.00027,force,fixed Kp 50,1,0.003171,50.000
74,zigzag,0.3,8.953,0.856,0.0400,0.00016,force_gust,PPO,1,0.004859,32.732
74,zigzag,0.3,8.953,0.856,0.0400,0.00016,force_gust,fixed Kp 26 (baseline),1,0.005720,26.000
74,zigzag,0.3,8.953,0.856,0.0400,0.00016,force_gust,fixed Kp 15,1,0.007931,15.000
74,zigzag,0.3,8.953,0.856,0.0400,0.00016,force_gust,fixed Kp 20,1,0.006533,20.000
74,zigzag,0.3,8.953,0.856,0.0400,0.00016,force_gust,fixed Kp 34,1,0.004962,34.000
74,zigzag,0.3,8.953,0.856,0.0400,0.00016,force_gust,fixed Kp 42,1,0.004466,42.000
74,zigzag,0.3,8.953,0.856,0.0400,0.00016,force_gust,fixed Kp 50,1,0.004204,50.000
75,figure8,0.3,37.603,0.971,0.0640,0.00001,mass,PPO,1,0.002718,30.845
75,figure8,0.3,37.603,0.971,0.0640,0.00001,mass,fixed Kp 26 (baseline),1,0.002813,26.000
75,figure8,0.3,37.603,0.971,0.0640,0.00001,mass,fixed Kp 15,1,0.003148,15.000
75,figure8,0.3,37.603,0.971,0.0640,0.00001,mass,fixed Kp 20,1,0.002951,20.000
75,figure8,0.3,37.603,0.971,0.0640,0.00001,mass,fixed Kp 34,1,0.002709,34.000
75,figure8,0.3,37.603,0.971,0.0640,0.00001,mass,fixed Kp 42,1,0.002652,42.000
75,figure8,0.3,37.603,0.971,0.0640,0.00001,mass,fixed Kp 50,1,0.015679,50.000
76,spiral,0.3,20.342,0.694,0.0540,0.00014,force,PPO,1,0.002945,38.282
76,spiral,0.3,20.342,0.694,0.0540,0.00014,force,fixed Kp 26 (baseline),1,0.003419,26.000
76,spiral,0.3,20.342,0.694,0.0540,0.00014,force,fixed Kp 15,1,0.004083,15.000
76,spiral,0.3,20.342,0.694,0.0540,0.00014,force,fixed Kp 20,1,0.003708,20.000
76,spiral,0.3,20.342,0.694,0.0540,0.00014,force,fixed Kp 34,1,0.003176,34.000
76,spiral,0.3,20.342,0.694,0.0540,0.00014,force,fixed Kp 42,1,0.003022,42.000
76,spiral,0.3,20.342,0.694,0.0540,0.00014,force,fixed Kp 50,1,0.002918,50.000
77,scurve,0.5,35.496,0.836,0.0240,0.00011,force,PPO,1,0.002734,32.755
77,scurve,0.5,35.496,0.836,0.0240,0.00011,force,fixed Kp 26 (baseline),1,0.002858,26.000
77,scurve,0.5,35.496,0.836,0.0240,0.00011,force,fixed Kp 15,1,0.003330,15.000
77,scurve,0.5,35.496,0.836,0.0240,0.00011,force,fixed Kp 20,1,0.003039,20.000
77,scurve,0.5,35.496,0.836,0.0240,0.00011,force,fixed Kp 34,1,0.002732,34.000
77,scurve,0.5,35.496,0.836,0.0240,0.00011,force,fixed Kp 42,1,0.002663,42.000
77,scurve,0.5,35.496,0.836,0.0240,0.00011,force,fixed Kp 50,1,0.002621,50.000
78,slalom,0.3,26.146,0.331,0.0160,0.00015,force_gust,PPO,1,0.026006,35.702
78,slalom,0.3,26.146,0.331,0.0160,0.00015,force_gust,fixed Kp 26 (baseline),0,0.095020,26.000
78,slalom,0.3,26.146,0.331,0.0160,0.00015,force_gust,fixed Kp 15,0,0.064019,15.000
78,slalom,0.3,26.146,0.331,0.0160,0.00015,force_gust,fixed Kp 20,0,0.064900,20.000
78,slalom,0.3,26.146,0.331,0.0160,0.00015,force_gust,fixed Kp 34,0,0.091117,34.000
78,slalom,0.3,26.146,0.331,0.0160,0.00015,force_gust,fixed Kp 42,0,0.091434,42.000
78,slalom,0.3,26.146,0.331,0.0160,0.00015,force_gust,fixed Kp 50,0,0.090567,50.000
79,arc,0.7,5.138,0.847,0.0100,0.00004,mass,PPO,1,0.002648,35.566
79,arc,0.7,5.138,0.847,0.0100,0.00004,mass,fixed Kp 26 (baseline),1,0.002743,26.000
79,arc,0.7,5.138,0.847,0.0100,0.00004,mass,fixed Kp 15,1,0.003034,15.000
79,arc,0.7,5.138,0.847,0.0100,0.00004,mass,fixed Kp 20,1,0.002858,20.000
79,arc,0.7,5.138,0.847,0.0100,0.00004,mass,fixed Kp 34,1,0.002662,34.000
79,arc,0.7,5.138,0.847,0.0100,0.00004,mass,fixed Kp 42,1,0.002615,42.000
79,arc,0.7,5.138,0.847,0.0100,0.00004,mass,fixed Kp 50,1,0.002587,50.000
80,figure8,0.5,28.017,0.297,0.0500,0.00039,mass,PPO,1,0.038986,30.677
80,figure8,0.5,28.017,0.297,0.0500,0.00039,mass,fixed Kp 26 (baseline),1,0.029617,26.000
80,figure8,0.5,28.017,0.297,0.0500,0.00039,mass,fixed Kp 15,1,0.032390,15.000
80,figure8,0.5,28.017,0.297,0.0500,0.00039,mass,fixed Kp 20,1,0.029461,20.000
80,figure8,0.5,28.017,0.297,0.0500,0.00039,mass,fixed Kp 34,1,0.038678,34.000
80,figure8,0.5,28.017,0.297,0.0500,0.00039,mass,fixed Kp 42,0,0.397900,42.000
80,figure8,0.5,28.017,0.297,0.0500,0.00039,mass,fixed Kp 50,0,0.239356,50.000
81,square,0.5,14.065,0.836,0.0580,0.00014,mass,PPO,1,0.003808,35.907
81,square,0.5,14.065,0.836,0.0580,0.00014,mass,fixed Kp 26 (baseline),1,0.004040,26.000
81,square,0.5,14.065,0.836,0.0580,0.00014,mass,fixed Kp 15,1,0.005023,15.000
81,square,0.5,14.065,0.836,0.0580,0.00014,mass,fixed Kp 20,1,0.004455,20.000
81,square,0.5,14.065,0.836,0.0580,0.00014,mass,fixed Kp 34,1,0.003838,34.000
81,square,0.5,14.065,0.836,0.0580,0.00014,mass,fixed Kp 42,1,0.004077,42.000
81,square,0.5,14.065,0.836,0.0580,0.00014,mass,fixed Kp 50,1,0.005736,50.000
82,hairpin,0.7,16.073,0.577,0.0800,0.00011,force,PPO,1,0.004661,40.809
82,hairpin,0.7,16.073,0.577,0.0800,0.00011,force,fixed Kp 26 (baseline),1,0.005170,26.000
82,hairpin,0.7,16.073,0.577,0.0800,0.00011,force,fixed Kp 15,1,0.007503,15.000
82,hairpin,0.7,16.073,0.577,0.0800,0.00011,force,fixed Kp 20,1,0.006123,20.000
82,hairpin,0.7,16.073,0.577,0.0800,0.00011,force,fixed Kp 34,1,0.004453,34.000
82,hairpin,0.7,16.073,0.577,0.0800,0.00011,force,fixed Kp 42,1,0.004088,42.000
82,hairpin,0.7,16.073,0.577,0.0800,0.00011,force,fixed Kp 50,1,0.006005,50.000
83,figure8,0.3,15.516,0.954,0.0040,0.00037,force,PPO,1,0.002871,34.514
83,figure8,0.3,15.516,0.954,0.0040,0.00037,force,fixed Kp 26 (baseline),1,0.003206,26.000
83,figure8,0.3,15.516,0.954,0.0040,0.00037,force,fixed Kp 15,1,0.003872,15.000
83,figure8,0.3,15.516,0.954,0.0040,0.00037,force,fixed Kp 20,1,0.003474,20.000
83,figure8,0.3,15.516,0.954,0.0040,0.00037,force,fixed Kp 34,1,0.003007,34.000
83,figure8,0.3,15.516,0.954,0.0040,0.00037,force,fixed Kp 42,1,0.002892,42.000
83,figure8,0.3,15.516,0.954,0.0040,0.00037,force,fixed Kp 50,1,0.002817,50.000
84,zigzag30,0.3,9.225,0.488,0.0560,0.00013,mass,PPO,1,0.006256,33.190
84,zigzag30,0.3,9.225,0.488,0.0560,0.00013,mass,fixed Kp 26 (baseline),1,0.007700,26.000
84,zigzag30,0.3,9.225,0.488,0.0560,0.00013,mass,fixed Kp 15,1,0.010403,15.000
84,zigzag30,0.3,9.225,0.488,0.0560,0.00013,mass,fixed Kp 20,1,0.008245,20.000
84,zigzag30,0.3,9.225,0.488,0.0560,0.00013,mass,fixed Kp 34,1,0.006644,34.000
84,zigzag30,0.3,9.225,0.488,0.0560,0.00013,mass,fixed Kp 42,1,0.006611,42.000
84,zigzag30,0.3,9.225,0.488,0.0560,0.00013,mass,fixed Kp 50,1,0.006924,50.000
85,scurve,0.7,19.908,0.791,0.0580,0.00017,force_gust,PPO,1,0.003303,38.280
85,scurve,0.7,19.908,0.791,0.0580,0.00017,force_gust,fixed Kp 26 (baseline),1,0.003605,26.000
85,scurve,0.7,19.908,0.791,0.0580,0.00017,force_gust,fixed Kp 15,1,0.004642,15.000
85,scurve,0.7,19.908,0.791,0.0580,0.00017,force_gust,fixed Kp 20,1,0.004030,20.000
85,scurve,0.7,19.908,0.791,0.0580,0.00017,force_gust,fixed Kp 34,1,0.003286,34.000
85,scurve,0.7,19.908,0.791,0.0580,0.00017,force_gust,fixed Kp 42,1,0.003100,42.000
85,scurve,0.7,19.908,0.791,0.0580,0.00017,force_gust,fixed Kp 50,1,0.002982,50.000
86,zigzag60,0.7,34.985,0.857,0.0480,0.00035,force_gust,PPO,0,0.009283,34.178
86,zigzag60,0.7,34.985,0.857,0.0480,0.00035,force_gust,fixed Kp 26 (baseline),0,0.009722,26.000
86,zigzag60,0.7,34.985,0.857,0.0480,0.00035,force_gust,fixed Kp 15,0,0.014202,15.000
86,zigzag60,0.7,34.985,0.857,0.0480,0.00035,force_gust,fixed Kp 20,0,0.011746,20.000
86,zigzag60,0.7,34.985,0.857,0.0480,0.00035,force_gust,fixed Kp 34,0,0.007948,34.000
86,zigzag60,0.7,34.985,0.857,0.0480,0.00035,force_gust,fixed Kp 42,0,0.006807,42.000
86,zigzag60,0.7,34.985,0.857,0.0480,0.00035,force_gust,fixed Kp 50,0,0.006009,50.000
87,slalom,0.7,18.182,0.316,0.0580,0.00032,mass,PPO,1,0.013965,33.517
87,slalom,0.7,18.182,0.316,0.0580,0.00032,mass,fixed Kp 26 (baseline),0,0.014813,26.000
87,slalom,0.7,18.182,0.316,0.0580,0.00032,mass,fixed Kp 15,0,0.020661,15.000
87,slalom,0.7,18.182,0.316,0.0580,0.00032,mass,fixed Kp 20,0,0.016311,20.000
87,slalom,0.7,18.182,0.316,0.0580,0.00032,mass,fixed Kp 34,0,0.012689,34.000
87,slalom,0.7,18.182,0.316,0.0580,0.00032,mass,fixed Kp 42,1,0.015546,42.000
87,slalom,0.7,18.182,0.316,0.0580,0.00032,mass,fixed Kp 50,1,0.024656,50.000
88,spiral,0.5,39.523,0.622,0.0020,0.00036,force,PPO,1,0.003934,37.544
88,spiral,0.5,39.523,0.622,0.0020,0.00036,force,fixed Kp 26 (baseline),1,0.005008,26.000
88,spiral,0.5,39.523,0.622,0.0020,0.00036,force,fixed Kp 15,1,0.006892,15.000
88,spiral,0.5,39.523,0.622,0.0020,0.00036,force,fixed Kp 20,1,0.005804,20.000
88,spiral,0.5,39.523,0.622,0.0020,0.00036,force,fixed Kp 34,1,0.004357,34.000
88,spiral,0.5,39.523,0.622,0.0020,0.00036,force,fixed Kp 42,1,0.003948,42.000
88,spiral,0.5,39.523,0.622,0.0020,0.00036,force,fixed Kp 50,1,0.003671,50.000
89,square,0.5,48.097,0.401,0.0340,0.00021,mass,PPO,1,0.006518,38.841
89,square,0.5,48.097,0.401,0.0340,0.00021,mass,fixed Kp 26 (baseline),1,0.006718,26.000
89,square,0.5,48.097,0.401,0.0340,0.00021,mass,fixed Kp 15,1,0.009236,15.000
89,square,0.5,48.097,0.401,0.0340,0.00021,mass,fixed Kp 20,1,0.007811,20.000
89,square,0.5,48.097,0.401,0.0340,0.00021,mass,fixed Kp 34,1,0.005798,34.000
89,square,0.5,48.097,0.401,0.0340,0.00021,mass,fixed Kp 42,1,0.005175,42.000
89,square,0.5,48.097,0.401,0.0340,0.00021,mass,fixed Kp 50,1,0.004699,50.000
90,scurve,0.3,7.126,0.298,0.0660,0.00003,force_gust,PPO,0,0.028852,32.279
90,scurve,0.3,7.126,0.298,0.0660,0.00003,force_gust,fixed Kp 26 (baseline),0,0.029799,26.000
90,scurve,0.3,7.126,0.298,0.0660,0.00003,force_gust,fixed Kp 15,0,0.030789,15.000
90,scurve,0.3,7.126,0.298,0.0660,0.00003,force_gust,fixed Kp 20,0,0.030231,20.000
90,scurve,0.3,7.126,0.298,0.0660,0.00003,force_gust,fixed Kp 34,0,0.029197,34.000
90,scurve,0.3,7.126,0.298,0.0660,0.00003,force_gust,fixed Kp 42,0,0.029883,42.000
90,scurve,0.3,7.126,0.298,0.0660,0.00003,force_gust,fixed Kp 50,0,0.029558,50.000
91,hairpin,0.7,42.240,0.919,0.0420,0.00019,force,PPO,1,0.004110,39.865
91,hairpin,0.7,42.240,0.919,0.0420,0.00019,force,fixed Kp 26 (baseline),1,0.004792,26.000
91,hairpin,0.7,42.240,0.919,0.0420,0.00019,force,fixed Kp 15,1,0.006730,15.000
91,hairpin,0.7,42.240,0.919,0.0420,0.00019,force,fixed Kp 20,1,0.005580,20.000
91,hairpin,0.7,42.240,0.919,0.0420,0.00019,force,fixed Kp 34,1,0.004173,34.000
91,hairpin,0.7,42.240,0.919,0.0420,0.00019,force,fixed Kp 42,1,0.003803,42.000
91,hairpin,0.7,42.240,0.919,0.0420,0.00019,force,fixed Kp 50,1,0.003626,50.000
92,zigzag30,0.3,42.063,0.953,0.0420,0.00039,force_gust,PPO,1,0.006750,34.899
92,zigzag30,0.3,42.063,0.953,0.0420,0.00039,force_gust,fixed Kp 26 (baseline),1,0.007740,26.000
92,zigzag30,0.3,42.063,0.953,0.0420,0.00039,force_gust,fixed Kp 15,1,0.011123,15.000
92,zigzag30,0.3,42.063,0.953,0.0420,0.00039,force_gust,fixed Kp 20,1,0.009142,20.000
92,zigzag30,0.3,42.063,0.953,0.0420,0.00039,force_gust,fixed Kp 34,1,0.006609,34.000
92,zigzag30,0.3,42.063,0.953,0.0420,0.00039,force_gust,fixed Kp 42,1,0.005996,42.000
92,zigzag30,0.3,42.063,0.953,0.0420,0.00039,force_gust,fixed Kp 50,1,0.005718,50.000
93,arc,0.3,13.032,0.692,0.0500,0.00015,mass,PPO,1,0.002566,32.822
93,arc,0.3,13.032,0.692,0.0500,0.00015,mass,fixed Kp 26 (baseline),1,0.002572,26.000
93,arc,0.3,13.032,0.692,0.0500,0.00015,mass,fixed Kp 15,1,0.002644,15.000
93,arc,0.3,13.032,0.692,0.0500,0.00015,mass,fixed Kp 20,1,0.002608,20.000
93,arc,0.3,13.032,0.692,0.0500,0.00015,mass,fixed Kp 34,1,0.002571,34.000
93,arc,0.3,13.032,0.692,0.0500,0.00015,mass,fixed Kp 42,1,0.002573,42.000
93,arc,0.3,13.032,0.692,0.0500,0.00015,mass,fixed Kp 50,1,0.002584,50.000
94,hairpin,0.3,44.715,0.380,0.0040,0.00017,force,PPO,1,0.003133,33.266
94,hairpin,0.3,44.715,0.380,0.0040,0.00017,force,fixed Kp 26 (baseline),1,0.003510,26.000
94,hairpin,0.3,44.715,0.380,0.0040,0.00017,force,fixed Kp 15,1,0.004526,15.000
94,hairpin,0.3,44.715,0.380,0.0040,0.00017,force,fixed Kp 20,1,0.003917,20.000
94,hairpin,0.3,44.715,0.380,0.0040,0.00017,force,fixed Kp 34,1,0.003203,34.000
94,hairpin,0.3,44.715,0.380,0.0040,0.00017,force,fixed Kp 42,1,0.003023,42.000
94,hairpin,0.3,44.715,0.380,0.0040,0.00017,force,fixed Kp 50,1,0.002907,50.000
95,square,0.7,23.277,0.977,0.0180,0.00006,force,PPO,1,0.004387,40.292
95,square,0.7,23.277,0.977,0.0180,0.00006,force,fixed Kp 26 (baseline),1,0.005418,26.000
95,square,0.7,23.277,0.977,0.0180,0.00006,force,fixed Kp 15,1,0.007467,15.000
95,square,0.7,23.277,0.977,0.0180,0.00006,force,fixed Kp 20,1,0.006266,20.000
95,square,0.7,23.277,0.977,0.0180,0.00006,force,fixed Kp 34,1,0.004754,34.000
95,square,0.7,23.277,0.977,0.0180,0.00006,force,fixed Kp 42,1,0.004359,42.000
95,square,0.7,23.277,0.977,0.0180,0.00006,force,fixed Kp 50,1,0.004105,50.000
96,slalom,0.5,13.297,0.786,0.0080,0.00029,mass,PPO,1,0.003222,36.795
96,slalom,0.5,13.297,0.786,0.0080,0.00029,mass,fixed Kp 26 (baseline),1,0.003736,26.000
96,slalom,0.5,13.297,0.786,0.0080,0.00029,mass,fixed Kp 15,1,0.004760,15.000
96,slalom,0.5,13.297,0.786,0.0080,0.00029,mass,fixed Kp 20,1,0.003898,20.000
96,slalom,0.5,13.297,0.786,0.0080,0.00029,mass,fixed Kp 34,1,0.003283,34.000
96,slalom,0.5,13.297,0.786,0.0080,0.00029,mass,fixed Kp 42,1,0.003107,42.000
96,slalom,0.5,13.297,0.786,0.0080,0.00029,mass,fixed Kp 50,1,0.003004,50.000
97,scurve,0.7,14.488,0.453,0.0440,0.00003,force_gust,PPO,1,0.002928,32.697
97,scurve,0.7,14.488,0.453,0.0440,0.00003,force_gust,fixed Kp 26 (baseline),1,0.003148,26.000
97,scurve,0.7,14.488,0.453,0.0440,0.00003,force_gust,fixed Kp 15,1,0.003877,15.000
97,scurve,0.7,14.488,0.453,0.0440,0.00003,force_gust,fixed Kp 20,1,0.003438,20.000
97,scurve,0.7,14.488,0.453,0.0440,0.00003,force_gust,fixed Kp 34,1,0.002937,34.000
97,scurve,0.7,14.488,0.453,0.0440,0.00003,force_gust,fixed Kp 42,1,0.002817,42.000
97,scurve,0.7,14.488,0.453,0.0440,0.00003,force_gust,fixed Kp 50,1,0.002744,50.000
98,spiral,0.7,34.024,0.963,0.0300,0.00036,force,PPO,0,0.002881,36.484
98,spiral,0.7,34.024,0.963,0.0300,0.00036,force,fixed Kp 26 (baseline),0,0.003184,26.000
98,spiral,0.7,34.024,0.963,0.0300,0.00036,force,fixed Kp 15,0,0.003711,15.000
98,spiral,0.7,34.024,0.963,0.0300,0.00036,force,fixed Kp 20,0,0.003382,20.000
98,spiral,0.7,34.024,0.963,0.0300,0.00036,force,fixed Kp 34,0,0.003037,34.000
98,spiral,0.7,34.024,0.963,0.0300,0.00036,force,fixed Kp 42,0,0.002933,42.000
98,spiral,0.7,34.024,0.963,0.0300,0.00036,force,fixed Kp 50,0,0.002857,50.000
99,slalom,0.5,47.240,0.878,0.0380,0.00023,force,PPO,1,0.003761,36.870
99,slalom,0.5,47.240,0.878,0.0380,0.00023,force,fixed Kp 26 (baseline),0,0.004218,26.000
99,slalom,0.5,47.240,0.878,0.0380,0.00023,force,fixed Kp 15,0,0.006090,15.000
99,slalom,0.5,47.240,0.878,0.0380,0.00023,force,fixed Kp 20,0,0.004964,20.000
99,slalom,0.5,47.240,0.878,0.0380,0.00023,force,fixed Kp 34,0,0.003675,34.000
99,slalom,0.5,47.240,0.878,0.0380,0.00023,force,fixed Kp 42,0,0.003373,42.000
99,slalom,0.5,47.240,0.878,0.0380,0.00023,force,fixed Kp 50,0,0.003182,50.000
100,hairpin,0.5,11.287,0.352,0.0220,0.00001,mass,PPO,1,0.003218,35.065
100,hairpin,0.5,11.287,0.352,0.0220,0.00001,mass,fixed Kp 26 (baseline),1,0.003748,26.000
100,hairpin,0.5,11.287,0.352,0.0220,0.00001,mass,fixed Kp 15,1,0.004968,15.000
100,hairpin,0.5,11.287,0.352,0.0220,0.00001,mass,fixed Kp 20,1,0.004243,20.000
100,hairpin,0.5,11.287,0.352,0.0220,0.00001,mass,fixed Kp 34,1,0.003369,34.000
100,hairpin,0.5,11.287,0.352,0.0220,0.00001,mass,fixed Kp 42,1,0.003145,42.000
100,hairpin,0.5,11.287,0.352,0.0220,0.00001,mass,fixed Kp 50,1,0.003001,50.000
101,zigzag60,0.3,32.503,0.434,0.0660,0.00025,mass,PPO,1,0.006296,33.272
101,zigzag60,0.3,32.503,0.434,0.0660,0.00025,mass,fixed Kp 26 (baseline),1,0.005519,26.000
101,zigzag60,0.3,32.503,0.434,0.0660,0.00025,mass,fixed Kp 15,1,0.006957,15.000
101,zigzag60,0.3,32.503,0.434,0.0660,0.00025,mass,fixed Kp 20,1,0.006014,20.000
101,zigzag60,0.3,32.503,0.434,0.0660,0.00025,mass,fixed Kp 34,1,0.004872,34.000
101,zigzag60,0.3,32.503,0.434,0.0660,0.00025,mass,fixed Kp 42,1,0.004691,42.000
101,zigzag60,0.3,32.503,0.434,0.0660,0.00025,mass,fixed Kp 50,1,0.007597,50.000
102,spiral,0.7,11.646,0.767,0.0100,0.00033,force,PPO,1,0.005932,38.025
102,spiral,0.7,11.646,0.767,0.0100,0.00033,force,fixed Kp 26 (baseline),1,0.008187,26.000
102,spiral,0.7,11.646,0.767,0.0100,0.00033,force,fixed Kp 15,1,0.014097,15.000
102,spiral,0.7,11.646,0.767,0.0100,0.00033,force,fixed Kp 20,1,0.011761,20.000
102,spiral,0.7,11.646,0.767,0.0100,0.00033,force,fixed Kp 34,1,0.008934,34.000
102,spiral,0.7,11.646,0.767,0.0100,0.00033,force,fixed Kp 42,1,0.008161,42.000
102,spiral,0.7,11.646,0.767,0.0100,0.00033,force,fixed Kp 50,1,0.006987,50.000
103,figure8,0.3,5.443,0.376,0.0360,0.00000,force,PPO,1,0.002853,36.420
103,figure8,0.3,5.443,0.376,0.0360,0.00000,force,fixed Kp 26 (baseline),1,0.003121,26.000
103,figure8,0.3,5.443,0.376,0.0360,0.00000,force,fixed Kp 15,1,0.003769,15.000
103,figure8,0.3,5.443,0.376,0.0360,0.00000,force,fixed Kp 20,1,0.003385,20.000
103,figure8,0.3,5.443,0.376,0.0360,0.00000,force,fixed Kp 34,1,0.002922,34.000
103,figure8,0.3,5.443,0.376,0.0360,0.00000,force,fixed Kp 42,1,0.002807,42.000
103,figure8,0.3,5.443,0.376,0.0360,0.00000,force,fixed Kp 50,1,0.002734,50.000
104,slalom,0.3,13.152,0.822,0.0720,0.00034,mass,PPO,1,0.004724,33.489
104,slalom,0.3,13.152,0.822,0.0720,0.00034,mass,fixed Kp 26 (baseline),1,0.005796,26.000
104,slalom,0.3,13.152,0.822,0.0720,0.00034,mass,fixed Kp 15,1,0.006292,15.000
104,slalom,0.3,13.152,0.822,0.0720,0.00034,mass,fixed Kp 20,1,0.005970,20.000
104,slalom,0.3,13.152,0.822,0.0720,0.00034,mass,fixed Kp 34,1,0.005668,34.000
104,slalom,0.3,13.152,0.822,0.0720,0.00034,mass,fixed Kp 42,1,0.006206,42.000
104,slalom,0.3,13.152,0.822,0.0720,0.00034,mass,fixed Kp 50,1,0.007281,50.000
105,slalom,0.5,22.614,0.762,0.0140,0.00013,force,PPO,1,0.003118,33.510
105,slalom,0.5,22.614,0.762,0.0140,0.00013,force,fixed Kp 26 (baseline),1,0.003475,26.000
105,slalom,0.5,22.614,0.762,0.0140,0.00013,force,fixed Kp 15,1,0.004627,15.000
105,slalom,0.5,22.614,0.762,0.0140,0.00013,force,fixed Kp 20,1,0.003928,20.000
105,slalom,0.5,22.614,0.762,0.0140,0.00013,force,fixed Kp 34,1,0.003150,34.000
105,slalom,0.5,22.614,0.762,0.0140,0.00013,force,fixed Kp 42,1,0.002967,42.000
105,slalom,0.5,22.614,0.762,0.0140,0.00013,force,fixed Kp 50,1,0.002854,50.000
106,figure8,0.7,43.370,0.679,0.0420,0.00005,force_gust,PPO,1,0.005922,36.767
106,figure8,0.7,43.370,0.679,0.0420,0.00005,force_gust,fixed Kp 26 (baseline),1,0.007271,26.000
106,figure8,0.7,43.370,0.679,0.0420,0.00005,force_gust,fixed Kp 15,1,0.011439,15.000
106,figure8,0.7,43.370,0.679,0.0420,0.00005,force_gust,fixed Kp 20,1,0.008972,20.000
106,figure8,0.7,43.370,0.679,0.0420,0.00005,force_gust,fixed Kp 34,1,0.005945,34.000
106,figure8,0.7,43.370,0.679,0.0420,0.00005,force_gust,fixed Kp 42,1,0.005152,42.000
106,figure8,0.7,43.370,0.679,0.0420,0.00005,force_gust,fixed Kp 50,1,0.005025,50.000
107,figure8,0.3,29.747,0.679,0.0560,0.00033,mass,PPO,1,0.003104,34.329
107,figure8,0.3,29.747,0.679,0.0560,0.00033,mass,fixed Kp 26 (baseline),1,0.003433,26.000
107,figure8,0.3,29.747,0.679,0.0560,0.00033,mass,fixed Kp 15,1,0.004247,15.000
107,figure8,0.3,29.747,0.679,0.0560,0.00033,mass,fixed Kp 20,1,0.003767,20.000
107,figure8,0.3,29.747,0.679,0.0560,0.00033,mass,fixed Kp 34,1,0.003193,34.000
107,figure8,0.3,29.747,0.679,0.0560,0.00033,mass,fixed Kp 42,1,0.003067,42.000
107,figure8,0.3,29.747,0.679,0.0560,0.00033,mass,fixed Kp 50,1,0.003030,50.000
108,uturn,0.7,35.416,0.774,0.0280,0.00014,force_gust,PPO,1,0.003470,40.805
108,uturn,0.7,35.416,0.774,0.0280,0.00014,force_gust,fixed Kp 26 (baseline),1,0.004060,26.000
108,uturn,0.7,35.416,0.774,0.0280,0.00014,force_gust,fixed Kp 15,1,0.005377,15.000
108,uturn,0.7,35.416,0.774,0.0280,0.00014,force_gust,fixed Kp 20,1,0.004602,20.000
108,uturn,0.7,35.416,0.774,0.0280,0.00014,force_gust,fixed Kp 34,1,0.003632,34.000
108,uturn,0.7,35.416,0.774,0.0280,0.00014,force_gust,fixed Kp 42,1,0.003372,42.000
108,uturn,0.7,35.416,0.774,0.0280,0.00014,force_gust,fixed Kp 50,1,0.003204,50.000
109,slalom,0.5,39.935,0.756,0.0320,0.00008,mass,PPO,1,0.003977,34.477
109,slalom,0.5,39.935,0.756,0.0320,0.00008,mass,fixed Kp 26 (baseline),1,0.004715,26.000
109,slalom,0.5,39.935,0.756,0.0320,0.00008,mass,fixed Kp 15,1,0.007025,15.000
109,slalom,0.5,39.935,0.756,0.0320,0.00008,mass,fixed Kp 20,1,0.005646,20.000
109,slalom,0.5,39.935,0.756,0.0320,0.00008,mass,fixed Kp 34,1,0.004022,34.000
109,slalom,0.5,39.935,0.756,0.0320,0.00008,mass,fixed Kp 42,1,0.003621,42.000
109,slalom,0.5,39.935,0.756,0.0320,0.00008,mass,fixed Kp 50,1,0.003368,50.000
110,zigzag30,0.7,13.547,0.482,0.0560,0.00020,force_gust,PPO,0,0.262134,43.601
110,zigzag30,0.7,13.547,0.482,0.0560,0.00020,force_gust,fixed Kp 26 (baseline),0,0.146842,26.000
110,zigzag30,0.7,13.547,0.482,0.0560,0.00020,force_gust,fixed Kp 15,0,0.104105,15.000
110,zigzag30,0.7,13.547,0.482,0.0560,0.00020,force_gust,fixed Kp 20,0,0.162551,20.000
110,zigzag30,0.7,13.547,0.482,0.0560,0.00020,force_gust,fixed Kp 34,0,0.111941,34.000
110,zigzag30,0.7,13.547,0.482,0.0560,0.00020,force_gust,fixed Kp 42,0,0.100510,42.000
110,zigzag30,0.7,13.547,0.482,0.0560,0.00020,force_gust,fixed Kp 50,0,0.291549,50.000
111,scurve,0.7,36.371,0.946,0.0660,0.00015,force,PPO,1,0.005627,37.907
111,scurve,0.7,36.371,0.946,0.0660,0.00015,force,fixed Kp 26 (baseline),1,0.003409,26.000
111,scurve,0.7,36.371,0.946,0.0660,0.00015,force,fixed Kp 15,1,0.004492,15.000
111,scurve,0.7,36.371,0.946,0.0660,0.00015,force,fixed Kp 20,1,0.003831,20.000
111,scurve,0.7,36.371,0.946,0.0660,0.00015,force,fixed Kp 34,1,0.003120,34.000
111,scurve,0.7,36.371,0.946,0.0660,0.00015,force,fixed Kp 42,1,0.003023,42.000
111,scurve,0.7,36.371,0.946,0.0660,0.00015,force,fixed Kp 50,1,0.006221,50.000
112,square,0.3,18.076,0.449,0.0380,0.00016,force_gust,PPO,1,0.015782,33.773
112,square,0.3,18.076,0.449,0.0380,0.00016,force_gust,fixed Kp 26 (baseline),1,0.042993,26.000
112,square,0.3,18.076,0.449,0.0380,0.00016,force_gust,fixed Kp 15,1,0.024034,15.000
112,square,0.3,18.076,0.449,0.0380,0.00016,force_gust,fixed Kp 20,1,0.035932,20.000
112,square,0.3,18.076,0.449,0.0380,0.00016,force_gust,fixed Kp 34,1,0.011570,34.000
112,square,0.3,18.076,0.449,0.0380,0.00016,force_gust,fixed Kp 42,0,0.090011,42.000
112,square,0.3,18.076,0.449,0.0380,0.00016,force_gust,fixed Kp 50,1,0.007940,50.000
113,zigzag60,0.7,25.272,0.562,0.0640,0.00013,force,PPO,1,0.008266,38.394
113,zigzag60,0.7,25.272,0.562,0.0640,0.00013,force,fixed Kp 26 (baseline),1,0.007049,26.000
113,zigzag60,0.7,25.272,0.562,0.0640,0.00013,force,fixed Kp 15,1,0.010050,15.000
113,zigzag60,0.7,25.272,0.562,0.0640,0.00013,force,fixed Kp 20,1,0.008257,20.000
113,zigzag60,0.7,25.272,0.562,0.0640,0.00013,force,fixed Kp 34,1,0.006178,34.000
113,zigzag60,0.7,25.272,0.562,0.0640,0.00013,force,fixed Kp 42,1,0.005872,42.000
113,zigzag60,0.7,25.272,0.562,0.0640,0.00013,force,fixed Kp 50,1,0.005927,50.000
114,square,0.5,39.088,0.554,0.0780,0.00031,mass,PPO,1,0.013812,35.912
114,square,0.5,39.088,0.554,0.0780,0.00031,mass,fixed Kp 26 (baseline),1,0.011157,26.000
114,square,0.5,39.088,0.554,0.0780,0.00031,mass,fixed Kp 15,1,0.009933,15.000
114,square,0.5,39.088,0.554,0.0780,0.00031,mass,fixed Kp 20,1,0.010589,20.000
114,square,0.5,39.088,0.554,0.0780,0.00031,mass,fixed Kp 34,1,0.013082,34.000
114,square,0.5,39.088,0.554,0.0780,0.00031,mass,fixed Kp 42,1,0.011865,42.000
114,square,0.5,39.088,0.554,0.0780,0.00031,mass,fixed Kp 50,1,0.025759,50.000
115,hairpin,0.5,21.855,0.455,0.0180,0.00025,force,PPO,1,0.004188,37.543
115,hairpin,0.5,21.855,0.455,0.0180,0.00025,force,fixed Kp 26 (baseline),1,0.005171,26.000
115,hairpin,0.5,21.855,0.455,0.0180,0.00025,force,fixed Kp 15,1,0.007555,15.000
115,hairpin,0.5,21.855,0.455,0.0180,0.00025,force,fixed Kp 20,1,0.005858,20.000
115,hairpin,0.5,21.855,0.455,0.0180,0.00025,force,fixed Kp 34,1,0.004563,34.000
115,hairpin,0.5,21.855,0.455,0.0180,0.00025,force,fixed Kp 42,1,0.004445,42.000
115,hairpin,0.5,21.855,0.455,0.0180,0.00025,force,fixed Kp 50,1,0.003816,50.000
116,uturn,0.7,45.758,0.466,0.0780,0.00025,force,PPO,1,0.011953,36.836
116,uturn,0.7,45.758,0.466,0.0780,0.00025,force,fixed Kp 26 (baseline),1,0.004133,26.000
116,uturn,0.7,45.758,0.466,0.0780,0.00025,force,fixed Kp 15,1,0.005534,15.000
116,uturn,0.7,45.758,0.466,0.0780,0.00025,force,fixed Kp 20,1,0.004707,20.000
116,uturn,0.7,45.758,0.466,0.0780,0.00025,force,fixed Kp 34,1,0.003707,34.000
116,uturn,0.7,45.758,0.466,0.0780,0.00025,force,fixed Kp 42,1,0.005044,42.000
116,uturn,0.7,45.758,0.466,0.0780,0.00025,force,fixed Kp 50,0,0.021404,50.000
117,spiral,0.5,35.873,0.901,0.0380,0.00012,mass,PPO,1,0.003591,43.953
117,spiral,0.5,35.873,0.901,0.0380,0.00012,mass,fixed Kp 26 (baseline),1,0.004720,26.000
117,spiral,0.5,35.873,0.901,0.0380,0.00012,mass,fixed Kp 15,1,0.006266,15.000
117,spiral,0.5,35.873,0.901,0.0380,0.00012,mass,fixed Kp 20,1,0.005395,20.000
117,spiral,0.5,35.873,0.901,0.0380,0.00012,mass,fixed Kp 34,1,0.004153,34.000
117,spiral,0.5,35.873,0.901,0.0380,0.00012,mass,fixed Kp 42,1,0.003788,42.000
117,spiral,0.5,35.873,0.901,0.0380,0.00012,mass,fixed Kp 50,1,0.003536,50.000
118,uturn,0.3,24.432,0.317,0.0060,0.00022,force,PPO,1,0.004240,33.994
118,uturn,0.3,24.432,0.317,0.0060,0.00022,force,fixed Kp 26 (baseline),1,0.005160,26.000
118,uturn,0.3,24.432,0.317,0.0060,0.00022,force,fixed Kp 15,1,0.007950,15.000
118,uturn,0.3,24.432,0.317,0.0060,0.00022,force,fixed Kp 20,1,0.006386,20.000
118,uturn,0.3,24.432,0.317,0.0060,0.00022,force,fixed Kp 34,1,0.004908,34.000
118,uturn,0.3,24.432,0.317,0.0060,0.00022,force,fixed Kp 42,1,0.005098,42.000
118,uturn,0.3,24.432,0.317,0.0060,0.00022,force,fixed Kp 50,1,0.005166,50.000
119,zigzag60,0.5,49.895,0.538,0.0320,0.00031,mass,PPO,1,0.011469,34.510
119,zigzag60,0.5,49.895,0.538,0.0320,0.00031,mass,fixed Kp 26 (baseline),1,0.010376,26.000
119,zigzag60,0.5,49.895,0.538,0.0320,0.00031,mass,fixed Kp 15,1,0.013462,15.000
119,zigzag60,0.5,49.895,0.538,0.0320,0.00031,mass,fixed Kp 20,1,0.011631,20.000
119,zigzag60,0.5,49.895,0.538,0.0320,0.00031,mass,fixed Kp 34,1,0.009169,34.000
119,zigzag60,0.5,49.895,0.538,0.0320,0.00031,mass,fixed Kp 42,1,0.008392,42.000
119,zigzag60,0.5,49.895,0.538,0.0320,0.00031,mass,fixed Kp 50,1,0.007867,50.000
120,zigzag30,0.7,42.399,0.644,0.0580,0.00031,force_gust,PPO,1,0.013384,36.015
120,zigzag30,0.7,42.399,0.644,0.0580,0.00031,force_gust,fixed Kp 26 (baseline),1,0.011046,26.000
120,zigzag30,0.7,42.399,0.644,0.0580,0.00031,force_gust,fixed Kp 15,1,0.015384,15.000
120,zigzag30,0.7,42.399,0.644,0.0580,0.00031,force_gust,fixed Kp 20,1,0.012795,20.000
120,zigzag30,0.7,42.399,0.644,0.0580,0.00031,force_gust,fixed Kp 34,1,0.009329,34.000
120,zigzag30,0.7,42.399,0.644,0.0580,0.00031,force_gust,fixed Kp 42,1,0.008463,42.000
120,zigzag30,0.7,42.399,0.644,0.0580,0.00031,force_gust,fixed Kp 50,1,0.011105,50.000
121,spiral,0.5,12.829,0.305,0.0240,0.00034,force_gust,PPO,0,0.058115,33.923
121,spiral,0.5,12.829,0.305,0.0240,0.00034,force_gust,fixed Kp 26 (baseline),0,0.063097,26.000
121,spiral,0.5,12.829,0.305,0.0240,0.00034,force_gust,fixed Kp 15,0,0.061048,15.000
121,spiral,0.5,12.829,0.305,0.0240,0.00034,force_gust,fixed Kp 20,0,0.062073,20.000
121,spiral,0.5,12.829,0.305,0.0240,0.00034,force_gust,fixed Kp 34,0,0.059662,34.000
121,spiral,0.5,12.829,0.305,0.0240,0.00034,force_gust,fixed Kp 42,0,0.061207,42.000
121,spiral,0.5,12.829,0.305,0.0240,0.00034,force_gust,fixed Kp 50,0,0.083246,50.000
122,scurve,0.7,37.095,0.895,0.0100,0.00015,force_gust,PPO,1,0.003191,34.913
122,scurve,0.7,37.095,0.895,0.0100,0.00015,force_gust,fixed Kp 26 (baseline),1,0.003530,26.000
122,scurve,0.7,37.095,0.895,0.0100,0.00015,force_gust,fixed Kp 15,1,0.004700,15.000
122,scurve,0.7,37.095,0.895,0.0100,0.00015,force_gust,fixed Kp 20,1,0.003993,20.000
122,scurve,0.7,37.095,0.895,0.0100,0.00015,force_gust,fixed Kp 34,1,0.003193,34.000
122,scurve,0.7,37.095,0.895,0.0100,0.00015,force_gust,fixed Kp 42,1,0.003004,42.000
122,scurve,0.7,37.095,0.895,0.0100,0.00015,force_gust,fixed Kp 50,1,0.002884,50.000
123,uturn,0.7,19.113,0.401,0.0600,0.00026,force_gust,PPO,0,0.228972,44.720
123,uturn,0.7,19.113,0.401,0.0600,0.00026,force_gust,fixed Kp 26 (baseline),0,0.227437,26.000
123,uturn,0.7,19.113,0.401,0.0600,0.00026,force_gust,fixed Kp 15,0,0.241184,15.000
123,uturn,0.7,19.113,0.401,0.0600,0.00026,force_gust,fixed Kp 20,0,0.210739,20.000
123,uturn,0.7,19.113,0.401,0.0600,0.00026,force_gust,fixed Kp 34,0,0.225975,34.000
123,uturn,0.7,19.113,0.401,0.0600,0.00026,force_gust,fixed Kp 42,0,0.246443,42.000
123,uturn,0.7,19.113,0.401,0.0600,0.00026,force_gust,fixed Kp 50,0,0.205508,50.000
124,arc,0.7,10.913,0.410,0.0020,0.00031,force,PPO,1,0.011405,34.782
124,arc,0.7,10.913,0.410,0.0020,0.00031,force,fixed Kp 26 (baseline),1,0.017109,26.000
124,arc,0.7,10.913,0.410,0.0020,0.00031,force,fixed Kp 15,1,0.028754,15.000
124,arc,0.7,10.913,0.410,0.0020,0.00031,force,fixed Kp 20,1,0.034389,20.000
124,arc,0.7,10.913,0.410,0.0020,0.00031,force,fixed Kp 34,1,0.015149,34.000
124,arc,0.7,10.913,0.410,0.0020,0.00031,force,fixed Kp 42,1,0.014809,42.000
124,arc,0.7,10.913,0.410,0.0020,0.00031,force,fixed Kp 50,1,0.011483,50.000
125,figure8,0.5,39.569,0.259,0.0420,0.00007,force,PPO,1,0.004329,40.583
125,figure8,0.5,39.569,0.259,0.0420,0.00007,force,fixed Kp 26 (baseline),1,0.005776,26.000
125,figure8,0.5,39.569,0.259,0.0420,0.00007,force,fixed Kp 15,1,0.008509,15.000
125,figure8,0.5,39.569,0.259,0.0420,0.00007,force,fixed Kp 20,1,0.006948,20.000
125,figure8,0.5,39.569,0.259,0.0420,0.00007,force,fixed Kp 34,1,0.004833,34.000
125,figure8,0.5,39.569,0.259,0.0420,0.00007,force,fixed Kp 42,1,0.004257,42.000
125,figure8,0.5,39.569,0.259,0.0420,0.00007,force,fixed Kp 50,1,0.003880,50.000
126,arc,0.3,28.704,0.952,0.0500,0.00031,force_gust,PPO,1,0.003227,33.895
126,arc,0.3,28.704,0.952,0.0500,0.00031,force_gust,fixed Kp 26 (baseline),1,0.003609,26.000
126,arc,0.3,28.704,0.952,0.0500,0.00031,force_gust,fixed Kp 15,1,0.004525,15.000
126,arc,0.3,28.704,0.952,0.0500,0.00031,force_gust,fixed Kp 20,1,0.003981,20.000
126,arc,0.3,28.704,0.952,0.0500,0.00031,force_gust,fixed Kp 34,1,0.003328,34.000
126,arc,0.3,28.704,0.952,0.0500,0.00031,force_gust,fixed Kp 42,1,0.003165,42.000
126,arc,0.3,28.704,0.952,0.0500,0.00031,force_gust,fixed Kp 50,1,0.003084,50.000
127,zigzag30,0.5,25.011,0.723,0.0240,0.00012,force_gust,PPO,1,0.006659,33.755
127,zigzag30,0.5,25.011,0.723,0.0240,0.00012,force_gust,fixed Kp 26 (baseline),1,0.007060,26.000
127,zigzag30,0.5,25.011,0.723,0.0240,0.00012,force_gust,fixed Kp 15,1,0.010376,15.000
127,zigzag30,0.5,25.011,0.723,0.0240,0.00012,force_gust,fixed Kp 20,1,0.008424,20.000
127,zigzag30,0.5,25.011,0.723,0.0240,0.00012,force_gust,fixed Kp 34,1,0.005986,34.000
127,zigzag30,0.5,25.011,0.723,0.0240,0.00012,force_gust,fixed Kp 42,1,0.005341,42.000
127,zigzag30,0.5,25.011,0.723,0.0240,0.00012,force_gust,fixed Kp 50,1,0.004894,50.000
128,uturn,0.5,37.170,0.933,0.0080,0.00022,mass,PPO,1,0.002781,39.471
128,uturn,0.5,37.170,0.933,0.0080,0.00022,mass,fixed Kp 26 (baseline),0,0.002956,26.000
128,uturn,0.5,37.170,0.933,0.0080,0.00022,mass,fixed Kp 15,0,0.003342,15.000
128,uturn,0.5,37.170,0.933,0.0080,0.00022,mass,fixed Kp 20,0,0.003122,20.000
128,uturn,0.5,37.170,0.933,0.0080,0.00022,mass,fixed Kp 34,0,0.002824,34.000
128,uturn,0.5,37.170,0.933,0.0080,0.00022,mass,fixed Kp 42,0,0.002745,42.000
128,uturn,0.5,37.170,0.933,0.0080,0.00022,mass,fixed Kp 50,0,0.002692,50.000
129,slalom,0.7,42.128,0.316,0.0520,0.00026,force,PPO,1,0.010543,34.694
129,slalom,0.7,42.128,0.316,0.0520,0.00026,force,fixed Kp 26 (baseline),1,0.009772,26.000
129,slalom,0.7,42.128,0.316,0.0520,0.00026,force,fixed Kp 15,1,0.013287,15.000
129,slalom,0.7,42.128,0.316,0.0520,0.00026,force,fixed Kp 20,1,0.012207,20.000
129,slalom,0.7,42.128,0.316,0.0520,0.00026,force,fixed Kp 34,1,0.013898,34.000
129,slalom,0.7,42.128,0.316,0.0520,0.00026,force,fixed Kp 42,0,0.145067,42.000
129,slalom,0.7,42.128,0.316,0.0520,0.00026,force,fixed Kp 50,0,0.189469,50.000
130,zigzag,0.7,49.156,0.816,0.0240,0.00040,mass,PPO,1,0.009668,34.997
130,zigzag,0.7,49.156,0.816,0.0240,0.00040,mass,fixed Kp 26 (baseline),0,0.008319,26.000
130,zigzag,0.7,49.156,0.816,0.0240,0.00040,mass,fixed Kp 15,0,0.011761,15.000
130,zigzag,0.7,49.156,0.816,0.0240,0.00040,mass,fixed Kp 20,0,0.009829,20.000
130,zigzag,0.7,49.156,0.816,0.0240,0.00040,mass,fixed Kp 34,0,0.006966,34.000
130,zigzag,0.7,49.156,0.816,0.0240,0.00040,mass,fixed Kp 42,0,0.006077,42.000
130,zigzag,0.7,49.156,0.816,0.0240,0.00040,mass,fixed Kp 50,0,0.005469,50.000
131,square,0.7,25.999,0.904,0.0560,0.00037,force_gust,PPO,0,0.006785,36.746
131,square,0.7,25.999,0.904,0.0560,0.00037,force_gust,fixed Kp 26 (baseline),0,0.008156,26.000
131,square,0.7,25.999,0.904,0.0560,0.00037,force_gust,fixed Kp 15,0,0.013212,15.000
131,square,0.7,25.999,0.904,0.0560,0.00037,force_gust,fixed Kp 20,0,0.010180,20.000
131,square,0.7,25.999,0.904,0.0560,0.00037,force_gust,fixed Kp 34,0,0.006691,34.000
131,square,0.7,25.999,0.904,0.0560,0.00037,force_gust,fixed Kp 42,0,0.005840,42.000
131,square,0.7,25.999,0.904,0.0560,0.00037,force_gust,fixed Kp 50,0,0.005273,50.000
132,zigzag30,0.5,9.543,0.865,0.0240,0.00024,force_gust,PPO,1,0.006972,36.563
132,zigzag30,0.5,9.543,0.865,0.0240,0.00024,force_gust,fixed Kp 26 (baseline),1,0.008304,26.000
132,zigzag30,0.5,9.543,0.865,0.0240,0.00024,force_gust,fixed Kp 15,1,0.011666,15.000
132,zigzag30,0.5,9.543,0.865,0.0240,0.00024,force_gust,fixed Kp 20,1,0.010105,20.000
132,zigzag30,0.5,9.543,0.865,0.0240,0.00024,force_gust,fixed Kp 34,1,0.006869,34.000
132,zigzag30,0.5,9.543,0.865,0.0240,0.00024,force_gust,fixed Kp 42,1,0.006008,42.000
132,zigzag30,0.5,9.543,0.865,0.0240,0.00024,force_gust,fixed Kp 50,1,0.005444,50.000
133,zigzag60,0.5,47.770,0.266,0.0640,0.00024,mass,PPO,0,0.173018,44.914
133,zigzag60,0.5,47.770,0.266,0.0640,0.00024,mass,fixed Kp 26 (baseline),0,0.151113,26.000
133,zigzag60,0.5,47.770,0.266,0.0640,0.00024,mass,fixed Kp 15,1,0.030047,15.000
133,zigzag60,0.5,47.770,0.266,0.0640,0.00024,mass,fixed Kp 20,1,0.041076,20.000
133,zigzag60,0.5,47.770,0.266,0.0640,0.00024,mass,fixed Kp 34,0,0.158040,34.000
133,zigzag60,0.5,47.770,0.266,0.0640,0.00024,mass,fixed Kp 42,0,0.161267,42.000
133,zigzag60,0.5,47.770,0.266,0.0640,0.00024,mass,fixed Kp 50,0,0.163097,50.000
134,square,0.5,31.728,0.946,0.0240,0.00025,force_gust,PPO,1,0.004279,38.083
134,square,0.5,31.728,0.946,0.0240,0.00025,force_gust,fixed Kp 26 (baseline),1,0.005598,26.000
134,square,0.5,31.728,0.946,0.0240,0.00025,force_gust,fixed Kp 15,1,0.008087,15.000
134,square,0.5,31.728,0.946,0.0240,0.00025,force_gust,fixed Kp 20,1,0.006657,20.000
134,square,0.5,31.728,0.946,0.0240,0.00025,force_gust,fixed Kp 34,1,0.004770,34.000
134,square,0.5,31.728,0.946,0.0240,0.00025,force_gust,fixed Kp 42,1,0.004273,42.000
134,square,0.5,31.728,0.946,0.0240,0.00025,force_gust,fixed Kp 50,1,0.003959,50.000
135,spiral,0.3,40.016,0.411,0.0060,0.00010,force_gust,PPO,1,0.002796,34.281
135,spiral,0.3,40.016,0.411,0.0060,0.00010,force_gust,fixed Kp 26 (baseline),1,0.003025,26.000
135,spiral,0.3,40.016,0.411,0.0060,0.00010,force_gust,fixed Kp 15,1,0.003428,15.000
135,spiral,0.3,40.016,0.411,0.0060,0.00010,force_gust,fixed Kp 20,1,0.003198,20.000
135,spiral,0.3,40.016,0.411,0.0060,0.00010,force_gust,fixed Kp 34,1,0.002882,34.000
135,spiral,0.3,40.016,0.411,0.0060,0.00010,force_gust,fixed Kp 42,1,0.002792,42.000
135,spiral,0.3,40.016,0.411,0.0060,0.00010,force_gust,fixed Kp 50,1,0.002732,50.000
136,scurve,0.5,16.184,0.289,0.0780,0.00011,mass,PPO,1,0.010216,33.056
136,scurve,0.5,16.184,0.289,0.0780,0.00011,mass,fixed Kp 26 (baseline),1,0.005541,26.000
136,scurve,0.5,16.184,0.289,0.0780,0.00011,mass,fixed Kp 15,1,0.005929,15.000
136,scurve,0.5,16.184,0.289,0.0780,0.00011,mass,fixed Kp 20,1,0.005445,20.000
136,scurve,0.5,16.184,0.289,0.0780,0.00011,mass,fixed Kp 34,1,0.008206,34.000
136,scurve,0.5,16.184,0.289,0.0780,0.00011,mass,fixed Kp 42,0,0.143672,42.000
136,scurve,0.5,16.184,0.289,0.0780,0.00011,mass,fixed Kp 50,0,0.145891,50.000
137,zigzag,0.3,16.959,0.736,0.0260,0.00003,mass,PPO,1,0.003237,30.908
137,zigzag,0.3,16.959,0.736,0.0260,0.00003,mass,fixed Kp 26 (baseline),1,0.003387,26.000
137,zigzag,0.3,16.959,0.736,0.0260,0.00003,mass,fixed Kp 15,1,0.004173,15.000
137,zigzag,0.3,16.959,0.736,0.0260,0.00003,mass,fixed Kp 20,1,0.003708,20.000
137,zigzag,0.3,16.959,0.736,0.0260,0.00003,mass,fixed Kp 34,1,0.003139,34.000
137,zigzag,0.3,16.959,0.736,0.0260,0.00003,mass,fixed Kp 42,1,0.002988,42.000
137,zigzag,0.3,16.959,0.736,0.0260,0.00003,mass,fixed Kp 50,1,0.002889,50.000
138,hairpin,0.7,10.150,0.649,0.0000,0.00039,force,PPO,1,0.007077,37.224
138,hairpin,0.7,10.150,0.649,0.0000,0.00039,force,fixed Kp 26 (baseline),0,0.011647,26.000
138,hairpin,0.7,10.150,0.649,0.0000,0.00039,force,fixed Kp 15,0,0.015444,15.000
138,hairpin,0.7,10.150,0.649,0.0000,0.00039,force,fixed Kp 20,0,0.013201,20.000
138,hairpin,0.7,10.150,0.649,0.0000,0.00039,force,fixed Kp 34,0,0.009480,34.000
138,hairpin,0.7,10.150,0.649,0.0000,0.00039,force,fixed Kp 42,0,0.008398,42.000
138,hairpin,0.7,10.150,0.649,0.0000,0.00039,force,fixed Kp 50,1,0.008947,50.000
139,scurve,0.7,6.715,0.839,0.0420,0.00031,force,PPO,1,0.016994,33.353
139,scurve,0.7,6.715,0.839,0.0420,0.00031,force,fixed Kp 26 (baseline),1,0.015527,26.000
139,scurve,0.7,6.715,0.839,0.0420,0.00031,force,fixed Kp 15,1,0.019417,15.000
139,scurve,0.7,6.715,0.839,0.0420,0.00031,force,fixed Kp 20,1,0.016807,20.000
139,scurve,0.7,6.715,0.839,0.0420,0.00031,force,fixed Kp 34,1,0.015157,34.000
139,scurve,0.7,6.715,0.839,0.0420,0.00031,force,fixed Kp 42,1,0.012754,42.000
139,scurve,0.7,6.715,0.839,0.0420,0.00031,force,fixed Kp 50,1,0.013555,50.000
140,zigzag30,0.5,5.479,0.225,0.0080,0.00014,force_gust,PPO,0,0.118362,42.898
140,zigzag30,0.5,5.479,0.225,0.0080,0.00014,force_gust,fixed Kp 26 (baseline),0,0.107875,26.000
140,zigzag30,0.5,5.479,0.225,0.0080,0.00014,force_gust,fixed Kp 15,0,0.095683,15.000
140,zigzag30,0.5,5.479,0.225,0.0080,0.00014,force_gust,fixed Kp 20,0,0.106565,20.000
140,zigzag30,0.5,5.479,0.225,0.0080,0.00014,force_gust,fixed Kp 34,0,0.103375,34.000
140,zigzag30,0.5,5.479,0.225,0.0080,0.00014,force_gust,fixed Kp 42,0,0.085972,42.000
140,zigzag30,0.5,5.479,0.225,0.0080,0.00014,force_gust,fixed Kp 50,0,0.140162,50.000
141,spiral,0.7,49.768,0.371,0.0380,0.00015,force,PPO,1,0.004639,43.775
141,spiral,0.7,49.768,0.371,0.0380,0.00015,force,fixed Kp 26 (baseline),1,0.006598,26.000
141,spiral,0.7,49.768,0.371,0.0380,0.00015,force,fixed Kp 15,1,0.009471,15.000
141,spiral,0.7,49.768,0.371,0.0380,0.00015,force,fixed Kp 20,1,0.007846,20.000
141,spiral,0.7,49.768,0.371,0.0380,0.00015,force,fixed Kp 34,1,0.005555,34.000
141,spiral,0.7,49.768,0.371,0.0380,0.00015,force,fixed Kp 42,1,0.004901,42.000
141,spiral,0.7,49.768,0.371,0.0380,0.00015,force,fixed Kp 50,1,0.004455,50.000
142,arc,0.7,38.755,0.847,0.0360,0.00026,mass,PPO,1,0.003011,37.784
142,arc,0.7,38.755,0.847,0.0360,0.00026,mass,fixed Kp 26 (baseline),1,0.003179,26.000
142,arc,0.7,38.755,0.847,0.0360,0.00026,mass,fixed Kp 15,1,0.003805,15.000
142,arc,0.7,38.755,0.847,0.0360,0.00026,mass,fixed Kp 20,1,0.003429,20.000
142,arc,0.7,38.755,0.847,0.0360,0.00026,mass,fixed Kp 34,1,0.003011,34.000
142,arc,0.7,38.755,0.847,0.0360,0.00026,mass,fixed Kp 42,1,0.002932,42.000
142,arc,0.7,38.755,0.847,0.0360,0.00026,mass,fixed Kp 50,1,0.002893,50.000
143,scurve,0.5,37.420,0.405,0.0580,0.00034,mass,PPO,1,0.005485,35.242
143,scurve,0.5,37.420,0.405,0.0580,0.00034,mass,fixed Kp 26 (baseline),0,0.004087,26.000
143,scurve,0.5,37.420,0.405,0.0580,0.00034,mass,fixed Kp 15,0,0.005850,15.000
143,scurve,0.5,37.420,0.405,0.0580,0.00034,mass,fixed Kp 20,0,0.005265,20.000
143,scurve,0.5,37.420,0.405,0.0580,0.00034,mass,fixed Kp 34,0,0.003529,34.000
143,scurve,0.5,37.420,0.405,0.0580,0.00034,mass,fixed Kp 42,0,0.003808,42.000
143,scurve,0.5,37.420,0.405,0.0580,0.00034,mass,fixed Kp 50,0,0.004343,50.000
144,uturn,0.7,33.807,0.771,0.0060,0.00025,force_gust,PPO,1,0.004333,40.555
144,uturn,0.7,33.807,0.771,0.0060,0.00025,force_gust,fixed Kp 26 (baseline),1,0.005307,26.000
144,uturn,0.7,33.807,0.771,0.0060,0.00025,force_gust,fixed Kp 15,1,0.007533,15.000
144,uturn,0.7,33.807,0.771,0.0060,0.00025,force_gust,fixed Kp 20,1,0.006227,20.000
144,uturn,0.7,33.807,0.771,0.0060,0.00025,force_gust,fixed Kp 34,1,0.004558,34.000
144,uturn,0.7,33.807,0.771,0.0060,0.00025,force_gust,fixed Kp 42,1,0.004084,42.000
144,uturn,0.7,33.807,0.771,0.0060,0.00025,force_gust,fixed Kp 50,1,0.003766,50.000
145,slalom,0.3,14.265,0.560,0.0440,0.00038,force,PPO,1,0.014426,32.128
145,slalom,0.3,14.265,0.560,0.0440,0.00038,force,fixed Kp 26 (baseline),1,0.017262,26.000
145,slalom,0.3,14.265,0.560,0.0440,0.00038,force,fixed Kp 15,1,0.024746,15.000
145,slalom,0.3,14.265,0.560,0.0440,0.00038,force,fixed Kp 20,1,0.020158,20.000
145,slalom,0.3,14.265,0.560,0.0440,0.00038,force,fixed Kp 34,1,0.013357,34.000
145,slalom,0.3,14.265,0.560,0.0440,0.00038,force,fixed Kp 42,1,0.014237,42.000
145,slalom,0.3,14.265,0.560,0.0440,0.00038,force,fixed Kp 50,1,0.013009,50.000
146,spiral,0.5,5.775,0.422,0.0480,0.00037,force,PPO,1,0.038549,32.330
146,spiral,0.5,5.775,0.422,0.0480,0.00037,force,fixed Kp 26 (baseline),0,0.052853,26.000
146,spiral,0.5,5.775,0.422,0.0480,0.00037,force,fixed Kp 15,0,0.060464,15.000
146,spiral,0.5,5.775,0.422,0.0480,0.00037,force,fixed Kp 20,0,0.078005,20.000
146,spiral,0.5,5.775,0.422,0.0480,0.00037,force,fixed Kp 34,0,0.349371,34.000
146,spiral,0.5,5.775,0.422,0.0480,0.00037,force,fixed Kp 42,0,0.060609,42.000
146,spiral,0.5,5.775,0.422,0.0480,0.00037,force,fixed Kp 50,0,0.207051,50.000
147,square,0.3,6.855,0.583,0.0300,0.00005,force_gust,PPO,1,0.003720,39.152
147,square,0.3,6.855,0.583,0.0300,0.00005,force_gust,fixed Kp 26 (baseline),1,0.004815,26.000
147,square,0.3,6.855,0.583,0.0300,0.00005,force_gust,fixed Kp 15,1,0.006756,15.000
147,square,0.3,6.855,0.583,0.0300,0.00005,force_gust,fixed Kp 20,1,0.005626,20.000
147,square,0.3,6.855,0.583,0.0300,0.00005,force_gust,fixed Kp 34,1,0.004178,34.000
147,square,0.3,6.855,0.583,0.0300,0.00005,force_gust,fixed Kp 42,1,0.003790,42.000
147,square,0.3,6.855,0.583,0.0300,0.00005,force_gust,fixed Kp 50,1,0.003530,50.000
148,scurve,0.7,8.132,0.328,0.0600,0.00024,mass,PPO,1,0.022725,32.800
148,scurve,0.7,8.132,0.328,0.0600,0.00024,mass,fixed Kp 26 (baseline),1,0.024573,26.000
148,scurve,0.7,8.132,0.328,0.0600,0.00024,mass,fixed Kp 15,1,0.023595,15.000
148,scurve,0.7,8.132,0.328,0.0600,0.00024,mass,fixed Kp 20,1,0.021374,20.000
148,scurve,0.7,8.132,0.328,0.0600,0.00024,mass,fixed Kp 34,0,0.066194,34.000
148,scurve,0.7,8.132,0.328,0.0600,0.00024,mass,fixed Kp 42,0,0.070115,42.000
148,scurve,0.7,8.132,0.328,0.0600,0.00024,mass,fixed Kp 50,0,0.117841,50.000
149,zigzag30,0.7,5.855,0.789,0.0620,0.00015,force,PPO,1,0.022838,33.534
149,zigzag30,0.7,5.855,0.789,0.0620,0.00015,force,fixed Kp 26 (baseline),1,0.015399,26.000
149,zigzag30,0.7,5.855,0.789,0.0620,0.00015,force,fixed Kp 15,1,0.023595,15.000
149,zigzag30,0.7,5.855,0.789,0.0620,0.00015,force,fixed Kp 20,1,0.018881,20.000
149,zigzag30,0.7,5.855,0.789,0.0620,0.00015,force,fixed Kp 34,1,0.016714,34.000
149,zigzag30,0.7,5.855,0.789,0.0620,0.00015,force,fixed Kp 42,1,0.031717,42.000
149,zigzag30,0.7,5.855,0.789,0.0620,0.00015,force,fixed Kp 50,1,0.045048,50.000
150,zigzag,0.7,28.119,0.845,0.0080,0.00026,force,PPO,1,0.008524,33.677
150,zigzag,0.7,28.119,0.845,0.0080,0.00026,force,fixed Kp 26 (baseline),1,0.007780,26.000
150,zigzag,0.7,28.119,0.845,0.0080,0.00026,force,fixed Kp 15,1,0.010837,15.000
150,zigzag,0.7,28.119,0.845,0.0080,0.00026,force,fixed Kp 20,1,0.009019,20.000
150,zigzag,0.7,28.119,0.845,0.0080,0.00026,force,fixed Kp 34,1,0.006712,34.000
150,zigzag,0.7,28.119,0.845,0.0080,0.00026,force,fixed Kp 42,1,0.005961,42.000
150,zigzag,0.7,28.119,0.845,0.0080,0.00026,force,fixed Kp 50,1,0.005405,50.000
151,square,0.3,13.748,0.587,0.0640,0.00015,force_gust,PPO,1,0.004468,33.109
151,square,0.3,13.748,0.587,0.0640,0.00015,force_gust,fixed Kp 26 (baseline),1,0.004734,26.000
151,square,0.3,13.748,0.587,0.0640,0.00015,force_gust,fixed Kp 15,1,0.005829,15.000
151,square,0.3,13.748,0.587,0.0640,0.00015,force_gust,fixed Kp 20,1,0.005442,20.000
151,square,0.3,13.748,0.587,0.0640,0.00015,force_gust,fixed Kp 34,1,0.004987,34.000
151,square,0.3,13.748,0.587,0.0640,0.00015,force_gust,fixed Kp 42,1,0.005888,42.000
151,square,0.3,13.748,0.587,0.0640,0.00015,force_gust,fixed Kp 50,1,0.007063,50.000
152,scurve,0.7,29.777,0.845,0.0280,0.00032,force_gust,PPO,0,0.005361,34.661
152,scurve,0.7,29.777,0.845,0.0280,0.00032,force_gust,fixed Kp 26 (baseline),0,0.007119,26.000
152,scurve,0.7,29.777,0.845,0.0280,0.00032,force_gust,fixed Kp 15,0,0.010815,15.000
152,scurve,0.7,29.777,0.845,0.0280,0.00032,force_gust,fixed Kp 20,0,0.008698,20.000
152,scurve,0.7,29.777,0.845,0.0280,0.00032,force_gust,fixed Kp 34,0,0.005840,34.000
152,scurve,0.7,29.777,0.845,0.0280,0.00032,force_gust,fixed Kp 42,0,0.005054,42.000
152,scurve,0.7,29.777,0.845,0.0280,0.00032,force_gust,fixed Kp 50,0,0.004536,50.000
153,spiral,0.7,28.406,0.431,0.0680,0.00032,force_gust,PPO,0,0.008667,39.529
153,spiral,0.7,28.406,0.431,0.0680,0.00032,force_gust,fixed Kp 26 (baseline),0,0.012180,26.000
153,spiral,0.7,28.406,0.431,0.0680,0.00032,force_gust,fixed Kp 15,0,0.018523,15.000
153,spiral,0.7,28.406,0.431,0.0680,0.00032,force_gust,fixed Kp 20,0,0.014881,20.000
153,spiral,0.7,28.406,0.431,0.0680,0.00032,force_gust,fixed Kp 34,0,0.009957,34.000
153,spiral,0.7,28.406,0.431,0.0680,0.00032,force_gust,fixed Kp 42,0,0.008501,42.000
153,spiral,0.7,28.406,0.431,0.0680,0.00032,force_gust,fixed Kp 50,0,0.007584,50.000
154,figure8,0.7,34.634,0.349,0.0640,0.00037,mass,PPO,1,0.035495,32.227
154,figure8,0.7,34.634,0.349,0.0640,0.00037,mass,fixed Kp 26 (baseline),1,0.017726,26.000
154,figure8,0.7,34.634,0.349,0.0640,0.00037,mass,fixed Kp 15,1,0.024037,15.000
154,figure8,0.7,34.634,0.349,0.0640,0.00037,mass,fixed Kp 20,1,0.017436,20.000
154,figure8,0.7,34.634,0.349,0.0640,0.00037,mass,fixed Kp 34,1,0.022698,34.000
154,figure8,0.7,34.634,0.349,0.0640,0.00037,mass,fixed Kp 42,0,0.160926,42.000
154,figure8,0.7,34.634,0.349,0.0640,0.00037,mass,fixed Kp 50,0,0.236804,50.000
155,zigzag30,0.7,12.772,0.351,0.0060,0.00031,mass,PPO,1,0.029153,34.587
155,zigzag30,0.7,12.772,0.351,0.0060,0.00031,mass,fixed Kp 26 (baseline),1,0.028935,26.000
155,zigzag30,0.7,12.772,0.351,0.0060,0.00031,mass,fixed Kp 15,1,0.045975,15.000
155,zigzag30,0.7,12.772,0.351,0.0060,0.00031,mass,fixed Kp 20,1,0.034478,20.000
155,zigzag30,0.7,12.772,0.351,0.0060,0.00031,mass,fixed Kp 34,1,0.024529,34.000
155,zigzag30,0.7,12.772,0.351,0.0060,0.00031,mass,fixed Kp 42,1,0.028382,42.000
155,zigzag30,0.7,12.772,0.351,0.0060,0.00031,mass,fixed Kp 50,1,0.027208,50.000
156,spiral,0.5,12.374,0.966,0.0020,0.00040,force_gust,PPO,1,0.004849,36.187
156,spiral,0.5,12.374,0.966,0.0020,0.00040,force_gust,fixed Kp 26 (baseline),1,0.006953,26.000
156,spiral,0.5,12.374,0.966,0.0020,0.00040,force_gust,fixed Kp 15,1,0.011369,15.000
156,spiral,0.5,12.374,0.966,0.0020,0.00040,force_gust,fixed Kp 20,1,0.008112,20.000
156,spiral,0.5,12.374,0.966,0.0020,0.00040,force_gust,fixed Kp 34,1,0.005694,34.000
156,spiral,0.5,12.374,0.966,0.0020,0.00040,force_gust,fixed Kp 42,1,0.005144,42.000
156,spiral,0.5,12.374,0.966,0.0020,0.00040,force_gust,fixed Kp 50,1,0.005292,50.000
157,scurve,0.3,33.597,0.728,0.0720,0.00018,force_gust,PPO,1,0.006406,35.463
157,scurve,0.3,33.597,0.728,0.0720,0.00018,force_gust,fixed Kp 26 (baseline),1,0.006424,26.000
157,scurve,0.3,33.597,0.728,0.0720,0.00018,force_gust,fixed Kp 15,1,0.009057,15.000
157,scurve,0.3,33.597,0.728,0.0720,0.00018,force_gust,fixed Kp 20,1,0.007485,20.000
157,scurve,0.3,33.597,0.728,0.0720,0.00018,force_gust,fixed Kp 34,1,0.005656,34.000
157,scurve,0.3,33.597,0.728,0.0720,0.00018,force_gust,fixed Kp 42,1,0.005231,42.000
157,scurve,0.3,33.597,0.728,0.0720,0.00018,force_gust,fixed Kp 50,1,0.005487,50.000
158,zigzag30,0.7,39.122,0.295,0.0480,0.00039,force,PPO,1,0.062100,32.992
158,zigzag30,0.7,39.122,0.295,0.0480,0.00039,force,fixed Kp 26 (baseline),1,0.047735,26.000
158,zigzag30,0.7,39.122,0.295,0.0480,0.00039,force,fixed Kp 15,1,0.040542,15.000
158,zigzag30,0.7,39.122,0.295,0.0480,0.00039,force,fixed Kp 20,1,0.046663,20.000
158,zigzag30,0.7,39.122,0.295,0.0480,0.00039,force,fixed Kp 34,1,0.045299,34.000
158,zigzag30,0.7,39.122,0.295,0.0480,0.00039,force,fixed Kp 42,0,0.141054,42.000
158,zigzag30,0.7,39.122,0.295,0.0480,0.00039,force,fixed Kp 50,0,0.047384,50.000
159,figure8,0.3,22.910,0.567,0.0220,0.00013,force,PPO,1,0.002638,31.217
159,figure8,0.3,22.910,0.567,0.0220,0.00013,force,fixed Kp 26 (baseline),1,0.002712,26.000
159,figure8,0.3,22.910,0.567,0.0220,0.00013,force,fixed Kp 15,1,0.002949,15.000
159,figure8,0.3,22.910,0.567,0.0220,0.00013,force,fixed Kp 20,1,0.002808,20.000
159,figure8,0.3,22.910,0.567,0.0220,0.00013,force,fixed Kp 34,1,0.002641,34.000
159,figure8,0.3,22.910,0.567,0.0220,0.00013,force,fixed Kp 42,1,0.002602,42.000
159,figure8,0.3,22.910,0.567,0.0220,0.00013,force,fixed Kp 50,1,0.002577,50.000
160,zigzag,0.7,5.932,0.380,0.0760,0.00023,mass,PPO,0,0.122593,38.034
160,zigzag,0.7,5.932,0.380,0.0760,0.00023,mass,fixed Kp 26 (baseline),0,0.081622,26.000
160,zigzag,0.7,5.932,0.380,0.0760,0.00023,mass,fixed Kp 15,0,0.053998,15.000
160,zigzag,0.7,5.932,0.380,0.0760,0.00023,mass,fixed Kp 20,0,0.062604,20.000
160,zigzag,0.7,5.932,0.380,0.0760,0.00023,mass,fixed Kp 34,0,0.184464,34.000
160,zigzag,0.7,5.932,0.380,0.0760,0.00023,mass,fixed Kp 42,0,0.216418,42.000
160,zigzag,0.7,5.932,0.380,0.0760,0.00023,mass,fixed Kp 50,0,0.156617,50.000
161,zigzag30,0.7,30.696,0.835,0.0340,0.00022,mass,PPO,1,0.006955,37.759
161,zigzag30,0.7,30.696,0.835,0.0340,0.00022,mass,fixed Kp 26 (baseline),0,0.006991,26.000
161,zigzag30,0.7,30.696,0.835,0.0340,0.00022,mass,fixed Kp 15,0,0.010349,15.000
161,zigzag30,0.7,30.696,0.835,0.0340,0.00022,mass,fixed Kp 20,0,0.008372,20.000
161,zigzag30,0.7,30.696,0.835,0.0340,0.00022,mass,fixed Kp 34,0,0.005942,34.000
161,zigzag30,0.7,30.696,0.835,0.0340,0.00022,mass,fixed Kp 42,0,0.005309,42.000
161,zigzag30,0.7,30.696,0.835,0.0340,0.00022,mass,fixed Kp 50,0,0.004902,50.000
162,figure8,0.5,10.869,0.242,0.0700,0.00018,force,PPO,1,0.022932,32.529
162,figure8,0.5,10.869,0.242,0.0700,0.00018,force,fixed Kp 26 (baseline),1,0.012795,26.000
162,figure8,0.5,10.869,0.242,0.0700,0.00018,force,fixed Kp 15,1,0.012788,15.000
162,figure8,0.5,10.869,0.242,0.0700,0.00018,force,fixed Kp 20,1,0.011660,20.000
162,figure8,0.5,10.869,0.242,0.0700,0.00018,force,fixed Kp 34,1,0.011376,34.000
162,figure8,0.5,10.869,0.242,0.0700,0.00018,force,fixed Kp 42,1,0.017521,42.000
162,figure8,0.5,10.869,0.242,0.0700,0.00018,force,fixed Kp 50,0,0.139668,50.000
163,arc,0.3,12.321,0.895,0.0380,0.00027,force_gust,PPO,1,0.003794,33.744
163,arc,0.3,12.321,0.895,0.0380,0.00027,force_gust,fixed Kp 26 (baseline),1,0.004443,26.000
163,arc,0.3,12.321,0.895,0.0380,0.00027,force_gust,fixed Kp 15,1,0.006053,15.000
163,arc,0.3,12.321,0.895,0.0380,0.00027,force_gust,fixed Kp 20,1,0.005115,20.000
163,arc,0.3,12.321,0.895,0.0380,0.00027,force_gust,fixed Kp 34,1,0.003915,34.000
163,arc,0.3,12.321,0.895,0.0380,0.00027,force_gust,fixed Kp 42,1,0.003595,42.000
163,arc,0.3,12.321,0.895,0.0380,0.00027,force_gust,fixed Kp 50,1,0.003387,50.000
164,zigzag30,0.7,20.617,0.574,0.0620,0.00035,force,PPO,0,0.005777,35.396
164,zigzag30,0.7,20.617,0.574,0.0620,0.00035,force,fixed Kp 26 (baseline),0,0.004969,26.000
164,zigzag30,0.7,20.617,0.574,0.0620,0.00035,force,fixed Kp 15,0,0.006731,15.000
164,zigzag30,0.7,20.617,0.574,0.0620,0.00035,force,fixed Kp 20,0,0.005662,20.000
164,zigzag30,0.7,20.617,0.574,0.0620,0.00035,force,fixed Kp 34,0,0.004413,34.000
164,zigzag30,0.7,20.617,0.574,0.0620,0.00035,force,fixed Kp 42,0,0.004051,42.000
164,zigzag30,0.7,20.617,0.574,0.0620,0.00035,force,fixed Kp 50,0,0.003801,50.000
165,spiral,0.3,32.638,0.683,0.0660,0.00019,force,PPO,1,0.002801,33.707
165,spiral,0.3,32.638,0.683,0.0660,0.00019,force,fixed Kp 26 (baseline),1,0.002971,26.000
165,spiral,0.3,32.638,0.683,0.0660,0.00019,force,fixed Kp 15,1,0.003325,15.000
165,spiral,0.3,32.638,0.683,0.0660,0.00019,force,fixed Kp 20,1,0.003123,20.000
165,spiral,0.3,32.638,0.683,0.0660,0.00019,force,fixed Kp 34,1,0.002849,34.000
165,spiral,0.3,32.638,0.683,0.0660,0.00019,force,fixed Kp 42,1,0.002789,42.000
165,spiral,0.3,32.638,0.683,0.0660,0.00019,force,fixed Kp 50,1,0.008585,50.000
166,scurve,0.7,40.677,0.477,0.0060,0.00026,force_gust,PPO,1,0.003433,36.057
166,scurve,0.7,40.677,0.477,0.0060,0.00026,force_gust,fixed Kp 26 (baseline),1,0.003842,26.000
166,scurve,0.7,40.677,0.477,0.0060,0.00026,force_gust,fixed Kp 15,1,0.005257,15.000
166,scurve,0.7,40.677,0.477,0.0060,0.00026,force_gust,fixed Kp 20,1,0.004409,20.000
166,scurve,0.7,40.677,0.477,0.0060,0.00026,force_gust,fixed Kp 34,1,0.003425,34.000
166,scurve,0.7,40.677,0.477,0.0060,0.00026,force_gust,fixed Kp 42,1,0.003191,42.000
166,scurve,0.7,40.677,0.477,0.0060,0.00026,force_gust,fixed Kp 50,1,0.003045,50.000
167,figure8,0.3,30.808,0.851,0.0660,0.00034,force,PPO,1,0.003257,35.874
167,figure8,0.3,30.808,0.851,0.0660,0.00034,force,fixed Kp 26 (baseline),1,0.003706,26.000
167,figure8,0.3,30.808,0.851,0.0660,0.00034,force,fixed Kp 15,1,0.004673,15.000
167,figure8,0.3,30.808,0.851,0.0660,0.00034,force,fixed Kp 20,1,0.004112,20.000
167,figure8,0.3,30.808,0.851,0.0660,0.00034,force,fixed Kp 34,1,0.003399,34.000
167,figure8,0.3,30.808,0.851,0.0660,0.00034,force,fixed Kp 42,1,0.003254,42.000
167,figure8,0.3,30.808,0.851,0.0660,0.00034,force,fixed Kp 50,1,0.003231,50.000
168,spiral,0.7,38.195,0.802,0.0240,0.00023,force,PPO,1,0.003702,41.210
168,spiral,0.7,38.195,0.802,0.0240,0.00023,force,fixed Kp 26 (baseline),1,0.004637,26.000
168,spiral,0.7,38.195,0.802,0.0240,0.00023,force,fixed Kp 15,1,0.006159,15.000
168,spiral,0.7,38.195,0.802,0.0240,0.00023,force,fixed Kp 20,1,0.005298,20.000
168,spiral,0.7,38.195,0.802,0.0240,0.00023,force,fixed Kp 34,1,0.004082,34.000
168,spiral,0.7,38.195,0.802,0.0240,0.00023,force,fixed Kp 42,1,0.003731,42.000
168,spiral,0.7,38.195,0.802,0.0240,0.00023,force,fixed Kp 50,1,0.003491,50.000
169,zigzag30,0.7,27.515,0.799,0.0460,0.00006,force_gust,PPO,1,0.011623,34.466
169,zigzag30,0.7,27.515,0.799,0.0460,0.00006,force_gust,fixed Kp 26 (baseline),1,0.010915,26.000
169,zigzag30,0.7,27.515,0.799,0.0460,0.00006,force_gust,fixed Kp 15,1,0.013681,15.000
169,zigzag30,0.7,27.515,0.799,0.0460,0.00006,force_gust,fixed Kp 20,1,0.011917,20.000
169,zigzag30,0.7,27.515,0.799,0.0460,0.00006,force_gust,fixed Kp 34,1,0.010162,34.000
169,zigzag30,0.7,27.515,0.799,0.0460,0.00006,force_gust,fixed Kp 42,1,0.010007,42.000
169,zigzag30,0.7,27.515,0.799,0.0460,0.00006,force_gust,fixed Kp 50,1,0.010072,50.000
170,scurve,0.7,37.904,0.884,0.0740,0.00007,force,PPO,1,0.010179,33.170
170,scurve,0.7,37.904,0.884,0.0740,0.00007,force,fixed Kp 26 (baseline),1,0.003685,26.000
170,scurve,0.7,37.904,0.884,0.0740,0.00007,force,fixed Kp 15,1,0.004980,15.000
170,scurve,0.7,37.904,0.884,0.0740,0.00007,force,fixed Kp 20,1,0.004190,20.000
170,scurve,0.7,37.904,0.884,0.0740,0.00007,force,fixed Kp 34,1,0.005750,34.000
170,scurve,0.7,37.904,0.884,0.0740,0.00007,force,fixed Kp 42,1,0.018835,42.000
170,scurve,0.7,37.904,0.884,0.0740,0.00007,force,fixed Kp 50,1,0.039841,50.000
171,hairpin,0.5,45.112,0.700,0.0560,0.00024,force_gust,PPO,1,0.005789,38.638
171,hairpin,0.5,45.112,0.700,0.0560,0.00024,force_gust,fixed Kp 26 (baseline),1,0.005920,26.000
171,hairpin,0.5,45.112,0.700,0.0560,0.00024,force_gust,fixed Kp 15,1,0.008549,15.000
171,hairpin,0.5,45.112,0.700,0.0560,0.00024,force_gust,fixed Kp 20,1,0.006911,20.000
171,hairpin,0.5,45.112,0.700,0.0560,0.00024,force_gust,fixed Kp 34,1,0.005162,34.000
171,hairpin,0.5,45.112,0.700,0.0560,0.00024,force_gust,fixed Kp 42,1,0.004810,42.000
171,hairpin,0.5,45.112,0.700,0.0560,0.00024,force_gust,fixed Kp 50,1,0.004869,50.000
172,arc,0.7,35.876,0.698,0.0400,0.00032,force,PPO,1,0.002880,37.206
172,arc,0.7,35.876,0.698,0.0400,0.00032,force,fixed Kp 26 (baseline),1,0.002962,26.000
172,arc,0.7,35.876,0.698,0.0400,0.00032,force,fixed Kp 15,1,0.003379,15.000
172,arc,0.7,35.876,0.698,0.0400,0.00032,force,fixed Kp 20,1,0.003129,20.000
172,arc,0.7,35.876,0.698,0.0400,0.00032,force,fixed Kp 34,1,0.002853,34.000
172,arc,0.7,35.876,0.698,0.0400,0.00032,force,fixed Kp 42,1,0.002812,42.000
172,arc,0.7,35.876,0.698,0.0400,0.00032,force,fixed Kp 50,1,0.002809,50.000
173,zigzag,0.7,10.998,0.478,0.0500,0.00013,force_gust,PPO,0,0.272388,23.694
173,zigzag,0.7,10.998,0.478,0.0500,0.00013,force_gust,fixed Kp 26 (baseline),1,0.026290,26.000
173,zigzag,0.7,10.998,0.478,0.0500,0.00013,force_gust,fixed Kp 15,1,0.023326,15.000
173,zigzag,0.7,10.998,0.478,0.0500,0.00013,force_gust,fixed Kp 20,0,0.211743,20.000
173,zigzag,0.7,10.998,0.478,0.0500,0.00013,force_gust,fixed Kp 34,0,0.283872,34.000
173,zigzag,0.7,10.998,0.478,0.0500,0.00013,force_gust,fixed Kp 42,0,0.310103,42.000
173,zigzag,0.7,10.998,0.478,0.0500,0.00013,force_gust,fixed Kp 50,0,0.209963,50.000
174,square,0.5,43.359,0.286,0.0100,0.00026,force,PPO,1,0.004704,37.731
174,square,0.5,43.359,0.286,0.0100,0.00026,force,fixed Kp 26 (baseline),0,0.006278,26.000
174,square,0.5,43.359,0.286,0.0100,0.00026,force,fixed Kp 15,0,0.009283,15.000
174,square,0.5,43.359,0.286,0.0100,0.00026,force,fixed Kp 20,0,0.007526,20.000
174,square,0.5,43.359,0.286,0.0100,0.00026,force,fixed Kp 34,0,0.005280,34.000
174,square,0.5,43.359,0.286,0.0100,0.00026,force,fixed Kp 42,0,0.004620,42.000
174,square,0.5,43.359,0.286,0.0100,0.00026,force,fixed Kp 50,0,0.004159,50.000
175,zigzag30,0.3,23.374,0.248,0.0420,0.00018,mass,PPO,1,0.013032,32.345
175,zigzag30,0.3,23.374,0.248,0.0420,0.00018,mass,fixed Kp 26 (baseline),1,0.013763,26.000
175,zigzag30,0.3,23.374,0.248,0.0420,0.00018,mass,fixed Kp 15,1,0.018565,15.000
175,zigzag30,0.3,23.374,0.248,0.0420,0.00018,mass,fixed Kp 20,1,0.016047,20.000
175,zigzag30,0.3,23.374,0.248,0.0420,0.00018,mass,fixed Kp 34,1,0.010925,34.000
175,zigzag30,0.3,23.374,0.248,0.0420,0.00018,mass,fixed Kp 42,1,0.035459,42.000
175,zigzag30,0.3,23.374,0.248,0.0420,0.00018,mass,fixed Kp 50,0,0.088502,50.000
176,hairpin,0.7,10.652,0.804,0.0580,0.00008,force_gust,PPO,1,0.004631,35.143
176,hairpin,0.7,10.652,0.804,0.0580,0.00008,force_gust,fixed Kp 26 (baseline),1,0.004632,26.000
176,hairpin,0.7,10.652,0.804,0.0580,0.00008,force_gust,fixed Kp 15,1,0.006113,15.000
176,hairpin,0.7,10.652,0.804,0.0580,0.00008,force_gust,fixed Kp 20,1,0.005229,20.000
176,hairpin,0.7,10.652,0.804,0.0580,0.00008,force_gust,fixed Kp 34,1,0.004621,34.000
176,hairpin,0.7,10.652,0.804,0.0580,0.00008,force_gust,fixed Kp 42,1,0.005182,42.000
176,hairpin,0.7,10.652,0.804,0.0580,0.00008,force_gust,fixed Kp 50,1,0.006204,50.000
177,scurve,0.5,25.558,0.777,0.0640,0.00032,force,PPO,1,0.002925,35.152
177,scurve,0.5,25.558,0.777,0.0640,0.00032,force,fixed Kp 26 (baseline),1,0.003265,26.000
177,scurve,0.5,25.558,0.777,0.0640,0.00032,force,fixed Kp 15,1,0.004036,15.000
177,scurve,0.5,25.558,0.777,0.0640,0.00032,force,fixed Kp 20,1,0.003565,20.000
177,scurve,0.5,25.558,0.777,0.0640,0.00032,force,fixed Kp 34,0,0.003070,34.000
177,scurve,0.5,25.558,0.777,0.0640,0.00032,force,fixed Kp 42,0,0.002992,42.000
177,scurve,0.5,25.558,0.777,0.0640,0.00032,force,fixed Kp 50,0,0.002956,50.000
178,square,0.5,34.961,0.276,0.0560,0.00020,force,PPO,0,0.164413,42.140
178,square,0.5,34.961,0.276,0.0560,0.00020,force,fixed Kp 26 (baseline),1,0.047883,26.000
178,square,0.5,34.961,0.276,0.0560,0.00020,force,fixed Kp 15,1,0.025844,15.000
178,square,0.5,34.961,0.276,0.0560,0.00020,force,fixed Kp 20,1,0.030446,20.000
178,square,0.5,34.961,0.276,0.0560,0.00020,force,fixed Kp 34,0,0.173069,34.000
178,square,0.5,34.961,0.276,0.0560,0.00020,force,fixed Kp 42,0,0.113411,42.000
178,square,0.5,34.961,0.276,0.0560,0.00020,force,fixed Kp 50,0,0.317818,50.000
179,figure8,0.5,17.810,0.961,0.0180,0.00013,mass,PPO,1,0.003074,34.415
179,figure8,0.5,17.810,0.961,0.0180,0.00013,mass,fixed Kp 26 (baseline),1,0.003435,26.000
179,figure8,0.5,17.810,0.961,0.0180,0.00013,mass,fixed Kp 15,1,0.004460,15.000
179,figure8,0.5,17.810,0.961,0.0180,0.00013,mass,fixed Kp 20,1,0.003849,20.000
179,figure8,0.5,17.810,0.961,0.0180,0.00013,mass,fixed Kp 34,1,0.003128,34.000
179,figure8,0.5,17.810,0.961,0.0180,0.00013,mass,fixed Kp 42,1,0.002954,42.000
179,figure8,0.5,17.810,0.961,0.0180,0.00013,mass,fixed Kp 50,1,0.002845,50.000
180,hairpin,0.5,11.576,0.608,0.0100,0.00028,force_gust,PPO,1,0.004293,38.026
180,hairpin,0.5,11.576,0.608,0.0100,0.00028,force_gust,fixed Kp 26 (baseline),1,0.006708,26.000
180,hairpin,0.5,11.576,0.608,0.0100,0.00028,force_gust,fixed Kp 15,1,0.011818,15.000
180,hairpin,0.5,11.576,0.608,0.0100,0.00028,force_gust,fixed Kp 20,1,0.009273,20.000
180,hairpin,0.5,11.576,0.608,0.0100,0.00028,force_gust,fixed Kp 34,1,0.005998,34.000
180,hairpin,0.5,11.576,0.608,0.0100,0.00028,force_gust,fixed Kp 42,1,0.006209,42.000
180,hairpin,0.5,11.576,0.608,0.0100,0.00028,force_gust,fixed Kp 50,1,0.005118,50.000
181,scurve,0.5,45.628,0.423,0.0760,0.00002,force_gust,PPO,1,0.011444,35.958
181,scurve,0.5,45.628,0.423,0.0760,0.00002,force_gust,fixed Kp 26 (baseline),1,0.004222,26.000
181,scurve,0.5,45.628,0.423,0.0760,0.00002,force_gust,fixed Kp 15,1,0.006006,15.000
181,scurve,0.5,45.628,0.423,0.0760,0.00002,force_gust,fixed Kp 20,1,0.004933,20.000
181,scurve,0.5,45.628,0.423,0.0760,0.00002,force_gust,fixed Kp 34,1,0.003728,34.000
181,scurve,0.5,45.628,0.423,0.0760,0.00002,force_gust,fixed Kp 42,1,0.005824,42.000
181,scurve,0.5,45.628,0.423,0.0760,0.00002,force_gust,fixed Kp 50,1,0.009411,50.000
182,spiral,0.7,15.513,0.742,0.0300,0.00035,force,PPO,1,0.003830,37.577
182,spiral,0.7,15.513,0.742,0.0300,0.00035,force,fixed Kp 26 (baseline),1,0.004445,26.000
182,spiral,0.7,15.513,0.742,0.0300,0.00035,force,fixed Kp 15,1,0.005866,15.000
182,spiral,0.7,15.513,0.742,0.0300,0.00035,force,fixed Kp 20,1,0.004758,20.000
182,spiral,0.7,15.513,0.742,0.0300,0.00035,force,fixed Kp 34,1,0.003986,34.000
182,spiral,0.7,15.513,0.742,0.0300,0.00035,force,fixed Kp 42,1,0.003858,42.000
182,spiral,0.7,15.513,0.742,0.0300,0.00035,force,fixed Kp 50,1,0.003545,50.000
183,figure8,0.7,32.220,0.590,0.0260,0.00023,force,PPO,1,0.003813,37.179
183,figure8,0.7,32.220,0.590,0.0260,0.00023,force,fixed Kp 26 (baseline),1,0.004459,26.000
183,figure8,0.7,32.220,0.590,0.0260,0.00023,force,fixed Kp 15,1,0.006204,15.000
183,figure8,0.7,32.220,0.590,0.0260,0.00023,force,fixed Kp 20,1,0.005199,20.000
183,figure8,0.7,32.220,0.590,0.0260,0.00023,force,fixed Kp 34,1,0.003876,34.000
183,figure8,0.7,32.220,0.590,0.0260,0.00023,force,fixed Kp 42,1,0.003526,42.000
183,figure8,0.7,32.220,0.590,0.0260,0.00023,force,fixed Kp 50,1,0.003298,50.000
184,zigzag30,0.7,35.286,0.255,0.0100,0.00006,force,PPO,1,0.057872,35.118
184,zigzag30,0.7,35.286,0.255,0.0100,0.00006,force,fixed Kp 26 (baseline),0,0.156369,26.000
184,zigzag30,0.7,35.286,0.255,0.0100,0.00006,force,fixed Kp 15,1,0.050519,15.000
184,zigzag30,0.7,35.286,0.255,0.0100,0.00006,force,fixed Kp 20,1,0.052595,20.000
184,zigzag30,0.7,35.286,0.255,0.0100,0.00006,force,fixed Kp 34,0,0.150755,34.000
184,zigzag30,0.7,35.286,0.255,0.0100,0.00006,force,fixed Kp 42,0,0.146007,42.000
184,zigzag30,0.7,35.286,0.255,0.0100,0.00006,force,fixed Kp 50,1,0.044530,50.000
185,uturn,0.5,11.647,0.624,0.0640,0.00028,force_gust,PPO,1,0.015130,31.742
185,uturn,0.5,11.647,0.624,0.0640,0.00028,force_gust,fixed Kp 26 (baseline),1,0.014624,26.000
185,uturn,0.5,11.647,0.624,0.0640,0.00028,force_gust,fixed Kp 15,1,0.019337,15.000
185,uturn,0.5,11.647,0.624,0.0640,0.00028,force_gust,fixed Kp 20,1,0.017762,20.000
185,uturn,0.5,11.647,0.624,0.0640,0.00028,force_gust,fixed Kp 34,1,0.013270,34.000
185,uturn,0.5,11.647,0.624,0.0640,0.00028,force_gust,fixed Kp 42,1,0.013094,42.000
185,uturn,0.5,11.647,0.624,0.0640,0.00028,force_gust,fixed Kp 50,1,0.026085,50.000
186,square,0.3,38.242,0.410,0.0160,0.00014,force_gust,PPO,1,0.003594,33.599
186,square,0.3,38.242,0.410,0.0160,0.00014,force_gust,fixed Kp 26 (baseline),1,0.004110,26.000
186,square,0.3,38.242,0.410,0.0160,0.00014,force_gust,fixed Kp 15,1,0.005086,15.000
186,square,0.3,38.242,0.410,0.0160,0.00014,force_gust,fixed Kp 20,1,0.004549,20.000
186,square,0.3,38.242,0.410,0.0160,0.00014,force_gust,fixed Kp 34,1,0.003719,34.000
186,square,0.3,38.242,0.410,0.0160,0.00014,force_gust,fixed Kp 42,1,0.003461,42.000
186,square,0.3,38.242,0.410,0.0160,0.00014,force_gust,fixed Kp 50,1,0.003287,50.000
187,hairpin,0.7,29.692,0.376,0.0580,0.00035,mass,PPO,1,0.011543,38.113
187,hairpin,0.7,29.692,0.376,0.0580,0.00035,mass,fixed Kp 26 (baseline),1,0.014467,26.000
187,hairpin,0.7,29.692,0.376,0.0580,0.00035,mass,fixed Kp 15,1,0.017905,15.000
187,hairpin,0.7,29.692,0.376,0.0580,0.00035,mass,fixed Kp 20,1,0.015712,20.000
187,hairpin,0.7,29.692,0.376,0.0580,0.00035,mass,fixed Kp 34,1,0.011344,34.000
187,hairpin,0.7,29.692,0.376,0.0580,0.00035,mass,fixed Kp 42,1,0.015308,42.000
187,hairpin,0.7,29.692,0.376,0.0580,0.00035,mass,fixed Kp 50,1,0.034315,50.000
188,uturn,0.3,13.980,0.520,0.0100,0.00010,force_gust,PPO,1,0.002764,33.579
188,uturn,0.3,13.980,0.520,0.0100,0.00010,force_gust,fixed Kp 26 (baseline),1,0.002945,26.000
188,uturn,0.3,13.980,0.520,0.0100,0.00010,force_gust,fixed Kp 15,1,0.003386,15.000
188,uturn,0.3,13.980,0.520,0.0100,0.00010,force_gust,fixed Kp 20,1,0.003125,20.000
188,uturn,0.3,13.980,0.520,0.0100,0.00010,force_gust,fixed Kp 34,1,0.002809,34.000
188,uturn,0.3,13.980,0.520,0.0100,0.00010,force_gust,fixed Kp 42,1,0.002728,42.000
188,uturn,0.3,13.980,0.520,0.0100,0.00010,force_gust,fixed Kp 50,1,0.002676,50.000
189,figure8,0.7,44.640,0.820,0.0340,0.00032,mass,PPO,1,0.005247,36.160
189,figure8,0.7,44.640,0.820,0.0340,0.00032,mass,fixed Kp 26 (baseline),0,0.006875,26.000
189,figure8,0.7,44.640,0.820,0.0340,0.00032,mass,fixed Kp 15,0,0.008692,15.000
189,figure8,0.7,44.640,0.820,0.0340,0.00032,mass,fixed Kp 20,0,0.008575,20.000
189,figure8,0.7,44.640,0.820,0.0340,0.00032,mass,fixed Kp 34,0,0.006075,34.000
189,figure8,0.7,44.640,0.820,0.0340,0.00032,mass,fixed Kp 42,0,0.005549,42.000
189,figure8,0.7,44.640,0.820,0.0340,0.00032,mass,fixed Kp 50,0,0.004658,50.000
190,zigzag,0.7,37.277,0.601,0.0480,0.00036,mass,PPO,1,0.011485,34.756
190,zigzag,0.7,37.277,0.601,0.0480,0.00036,mass,fixed Kp 26 (baseline),1,0.009407,26.000
190,zigzag,0.7,37.277,0.601,0.0480,0.00036,mass,fixed Kp 15,1,0.011304,15.000
190,zigzag,0.7,37.277,0.601,0.0480,0.00036,mass,fixed Kp 20,1,0.009839,20.000
190,zigzag,0.7,37.277,0.601,0.0480,0.00036,mass,fixed Kp 34,1,0.008055,34.000
190,zigzag,0.7,37.277,0.601,0.0480,0.00036,mass,fixed Kp 42,1,0.007269,42.000
190,zigzag,0.7,37.277,0.601,0.0480,0.00036,mass,fixed Kp 50,1,0.006994,50.000
191,zigzag30,0.3,44.059,0.966,0.0200,0.00015,force_gust,PPO,1,0.009069,37.274
191,zigzag30,0.3,44.059,0.966,0.0200,0.00015,force_gust,fixed Kp 26 (baseline),1,0.010980,26.000
191,zigzag30,0.3,44.059,0.966,0.0200,0.00015,force_gust,fixed Kp 15,1,0.015705,15.000
191,zigzag30,0.3,44.059,0.966,0.0200,0.00015,force_gust,fixed Kp 20,1,0.012847,20.000
191,zigzag30,0.3,44.059,0.966,0.0200,0.00015,force_gust,fixed Kp 34,1,0.009669,34.000
191,zigzag30,0.3,44.059,0.966,0.0200,0.00015,force_gust,fixed Kp 42,1,0.008687,42.000
191,zigzag30,0.3,44.059,0.966,0.0200,0.00015,force_gust,fixed Kp 50,1,0.007890,50.000
192,arc,0.7,10.144,0.821,0.0080,0.00018,mass,PPO,1,0.002833,38.108
192,arc,0.7,10.144,0.821,0.0080,0.00018,mass,fixed Kp 26 (baseline),1,0.003171,26.000
192,arc,0.7,10.144,0.821,0.0080,0.00018,mass,fixed Kp 15,1,0.003739,15.000
192,arc,0.7,10.144,0.821,0.0080,0.00018,mass,fixed Kp 20,1,0.003485,20.000
192,arc,0.7,10.144,0.821,0.0080,0.00018,mass,fixed Kp 34,1,0.002997,34.000
192,arc,0.7,10.144,0.821,0.0080,0.00018,mass,fixed Kp 42,1,0.002827,42.000
192,arc,0.7,10.144,0.821,0.0080,0.00018,mass,fixed Kp 50,1,0.002857,50.000
193,zigzag,0.3,47.844,0.350,0.0660,0.00019,force,PPO,1,0.006945,32.740
193,zigzag,0.3,47.844,0.350,0.0660,0.00019,force,fixed Kp 26 (baseline),1,0.005858,26.000
193,zigzag,0.3,47.844,0.350,0.0660,0.00019,force,fixed Kp 15,1,0.007533,15.000
193,zigzag,0.3,47.844,0.350,0.0660,0.00019,force,fixed Kp 20,1,0.006585,20.000
193,zigzag,0.3,47.844,0.350,0.0660,0.00019,force,fixed Kp 34,1,0.005203,34.000
193,zigzag,0.3,47.844,0.350,0.0660,0.00019,force,fixed Kp 42,1,0.004638,42.000
193,zigzag,0.3,47.844,0.350,0.0660,0.00019,force,fixed Kp 50,1,0.005973,50.000
194,slalom,0.3,36.393,0.599,0.0080,0.00036,mass,PPO,1,0.003348,35.520
194,slalom,0.3,36.393,0.599,0.0080,0.00036,mass,fixed Kp 26 (baseline),1,0.003579,26.000
194,slalom,0.3,36.393,0.599,0.0080,0.00036,mass,fixed Kp 15,1,0.004753,15.000
194,slalom,0.3,36.393,0.599,0.0080,0.00036,mass,fixed Kp 20,1,0.004047,20.000
194,slalom,0.3,36.393,0.599,0.0080,0.00036,mass,fixed Kp 34,1,0.003241,34.000
194,slalom,0.3,36.393,0.599,0.0080,0.00036,mass,fixed Kp 42,1,0.003053,42.000
194,slalom,0.3,36.393,0.599,0.0080,0.00036,mass,fixed Kp 50,1,0.002939,50.000
195,zigzag,0.3,15.327,0.874,0.0520,0.00004,force,PPO,1,0.004180,33.380
195,zigzag,0.3,15.327,0.874,0.0520,0.00004,force,fixed Kp 26 (baseline),1,0.004341,26.000
195,zigzag,0.3,15.327,0.874,0.0520,0.00004,force,fixed Kp 15,1,0.005867,15.000
195,zigzag,0.3,15.327,0.874,0.0520,0.00004,force,fixed Kp 20,1,0.004964,20.000
195,zigzag,0.3,15.327,0.874,0.0520,0.00004,force,fixed Kp 34,1,0.003863,34.000
195,zigzag,0.3,15.327,0.874,0.0520,0.00004,force,fixed Kp 42,1,0.003582,42.000
195,zigzag,0.3,15.327,0.874,0.0520,0.00004,force,fixed Kp 50,1,0.003402,50.000
196,zigzag,0.7,27.243,0.418,0.0060,0.00037,force,PPO,0,0.005503,35.488
196,zigzag,0.7,27.243,0.418,0.0060,0.00037,force,fixed Kp 26 (baseline),0,0.005270,26.000
196,zigzag,0.7,27.243,0.418,0.0060,0.00037,force,fixed Kp 15,0,0.007343,15.000
196,zigzag,0.7,27.243,0.418,0.0060,0.00037,force,fixed Kp 20,0,0.006132,20.000
196,zigzag,0.7,27.243,0.418,0.0060,0.00037,force,fixed Kp 34,0,0.004592,34.000
196,zigzag,0.7,27.243,0.418,0.0060,0.00037,force,fixed Kp 42,0,0.004161,42.000
196,zigzag,0.7,27.243,0.418,0.0060,0.00037,force,fixed Kp 50,0,0.003862,50.000
197,zigzag30,0.7,22.961,0.424,0.0320,0.00021,force_gust,PPO,0,0.362087,42.345
197,zigzag30,0.7,22.961,0.424,0.0320,0.00021,force_gust,fixed Kp 26 (baseline),0,0.174774,26.000
197,zigzag30,0.7,22.961,0.424,0.0320,0.00021,force_gust,fixed Kp 15,0,0.297941,15.000
197,zigzag30,0.7,22.961,0.424,0.0320,0.00021,force_gust,fixed Kp 20,0,0.174979,20.000
197,zigzag30,0.7,22.961,0.424,0.0320,0.00021,force_gust,fixed Kp 34,0,0.361897,34.000
197,zigzag30,0.7,22.961,0.424,0.0320,0.00021,force_gust,fixed Kp 42,0,0.275089,42.000
197,zigzag30,0.7,22.961,0.424,0.0320,0.00021,force_gust,fixed Kp 50,0,0.383230,50.000
198,uturn,0.7,12.316,0.274,0.0100,0.00027,force,PPO,1,0.030448,33.611
198,uturn,0.7,12.316,0.274,0.0100,0.00027,force,fixed Kp 26 (baseline),1,0.024916,26.000
198,uturn,0.7,12.316,0.274,0.0100,0.00027,force,fixed Kp 15,1,0.035054,15.000
198,uturn,0.7,12.316,0.274,0.0100,0.00027,force,fixed Kp 20,1,0.022263,20.000
198,uturn,0.7,12.316,0.274,0.0100,0.00027,force,fixed Kp 34,1,0.032106,34.000
198,uturn,0.7,12.316,0.274,0.0100,0.00027,force,fixed Kp 42,1,0.030119,42.000
198,uturn,0.7,12.316,0.274,0.0100,0.00027,force,fixed Kp 50,0,0.027757,50.000
199,arc,0.3,31.412,0.506,0.0360,0.00006,force_gust,PPO,1,0.003379,33.880
199,arc,0.3,31.412,0.506,0.0360,0.00006,force_gust,fixed Kp 26 (baseline),1,0.003649,26.000
199,arc,0.3,31.412,0.506,0.0360,0.00006,force_gust,fixed Kp 15,1,0.004541,15.000
199,arc,0.3,31.412,0.506,0.0360,0.00006,force_gust,fixed Kp 20,1,0.004014,20.000
199,arc,0.3,31.412,0.506,0.0360,0.00006,force_gust,fixed Kp 34,1,0.003365,34.000
199,arc,0.3,31.412,0.506,0.0360,0.00006,force_gust,fixed Kp 42,1,0.003186,42.000
199,arc,0.3,31.412,0.506,0.0360,0.00006,force_gust,fixed Kp 50,1,0.003062,50.000
